id,domain,status,purchase_price,renewal_price,attractiveness,demand,length,registrar,created_at,expires_at,status_verified_at
01b44928-d28b-4204-a3d9-850b4b6625ac,csm.salon,available,45.74,45.74,high,low,3,spaceship,,,30/09/2026 20:24
43cb7590-4b85-431d-9225-f1753a27f186,cryptic.salon,available,19.99,83.99,high,low,7,name.com,,,11/08/2026 12:17
b519c53d-d8e1-4dd7-9fc3-969b8c00dabe,enticing.salon,available,57.99,57.99,high,low,8,namesilo,,,22/09/2026 01:41
a7fdbb2f-59b4-4166-9b5e-648ae1e1a319,bangui.salon,available,55.98,69.98,medium,low,6,namecheap,,,22/09/2026 02:03
ffd1c0da-c7be-4e2b-aeb2-970a0d09478c,corridor.salon,available,44.2,44.2,high,low,8,cloudflare,,,29/09/2026 11:39
4bc10867-b1fc-479b-8bde-203e9992bf17,gusty.salon,available,19.99,83.99,medium,low,5,name.com,,,20/08/2026 21:10
e642d704-858f-424b-b297-54a0c41c77dd,devise.salon,available,57.99,57.99,high,low,6,namesilo,,,29/09/2026 14:42
1c8bfb3a-193e-441c-86f8-f8cbb4699533,primly.salon,available,19.99,83.99,medium,low,6,name.com,,,15/09/2026 21:26
72e739e4-b85c-4a4d-a4f5-6e9d29a21da4,sapiens.salon,available,55.98,69.98,high,low,7,namecheap,,,19/09/2026 15:49
3bbd888b-217b-4bf1-beb3-803ef6ae73ea,haag.salon,available,10.81,45.83,medium,low,4,porkbun,,,01/10/2026 00:54
e3188d2a-bbcd-4f15-8c28-56fab966b543,posthumous.salon,available,55.98,69.98,medium,low,10,namecheap,,,09/09/2026 00:25
29f3de33-e104-41f9-bd04-68cd1184beea,opened.salon,available,55.98,69.98,high,low,6,namecheap,,,04/09/2026 16:13
50356942-cf24-4ef6-88ee-06d953f5dee4,fleming.salon,available,57.99,57.99,high,low,7,namesilo,,,18/09/2026 05:49
b96ddd56-4bed-4020-929e-a00c5b8a018e,sonoran.salon,available,45.74,45.74,high,low,7,spaceship,,,01/10/2026 23:36
eae0c517-5f9f-4a43-acbe-9b0b194482a9,adapt.salon,available,44.2,44.2,high,low,5,cloudflare,,,28/09/2026 11:08
d88fe470-269a-4abe-b640-7fdbe67c3f7b,agnomen.salon,available,57.99,57.99,medium,low,7,namesilo,,,17/09/2026 18:44
6e7209ac-d902-4c3e-af7d-7a4557ca286a,chilli.salon,available,19.99,83.99,high,low,6,name.com,,,12/08/2026 05:33
826dd85c-8762-4b46-aff6-e60bd1c8d05e,bazaar.salon,available,55.98,69.98,high,low,6,namecheap,,,22/09/2026 18:20
f3da5ad8-10eb-436b-9d96-0272d56ec680,action.salon,available,57.99,57.99,high,medium,6,namesilo,,,02/10/2026 00:12
bb1f777f-5250-44da-87f4-1bbd61e8b968,andersen.salon,available,57.99,57.99,high,low,8,namesilo,,,19/09/2026 04:01
0b8156aa-e567-49d7-8095-0df54af6485c,rawson.salon,available,55.98,69.98,medium,low,6,namecheap,,,30/09/2026 21:33
d115d397-7942-4e3d-b165-df21ef53c0d5,marlborough.salon,available,57.99,57.99,medium,low,11,namesilo,,,27/09/2026 01:35
7f14bc33-cea0-4019-ae3d-9a4c70cb5e24,hirsute.salon,available,19.99,83.99,medium,low,7,name.com,,,20/08/2026 22:11
f71bbf5d-5f7e-4e90-82fd-09c255cc7ad6,dispensary.salon,available,57.99,57.99,high,low,10,namesilo,,,24/09/2026 22:58
62bf516c-e0aa-4dde-a026-02e41c92d7a4,riled.salon,available,19.99,83.99,medium,low,5,name.com,,,
b8c48d8d-a1f2-49b1-a420-db639bf57398,grumble.salon,available,19.99,83.99,high,low,7,name.com,,,20/08/2026 20:38
0104d646-edb6-4590-bf1f-736516342533,mario.salon,available,44.2,44.2,high,low,5,cloudflare,,,01/10/2026 04:25
8556980f-68fa-4da2-ad83-f8d4c3adab10,destruction.salon,available,57.99,57.99,medium,low,11,namesilo,,,27/09/2026 02:03
31be6262-b52a-423a-9fa8-c45cfd313957,suitably.salon,available,55.98,69.98,medium,low,8,namecheap,,,13/09/2026 20:30
bc5742fc-c334-4f07-bdb1-27c06c9ce290,concussion.salon,available,44.2,44.2,high,low,10,cloudflare,,,29/09/2026 10:35
2b0b79f5-1bd7-4874-b887-dd388e7cdfa8,awareness.salon,available,57.99,57.99,high,low,9,namesilo,,,28/09/2026 23:41
05ce61b6-a915-49e9-ad66-4942fb886c77,yehuda.salon,available,45.74,45.74,medium,low,6,spaceship,,,01/10/2026 09:59
490fa732-5961-4509-9734-c6374f18ded7,indifferent.salon,available,45.74,45.74,high,low,11,spaceship,,,01/10/2026 02:00
e8b589de-e7b0-4697-a24c-eceed43d1692,excitedly.salon,available,55.98,69.98,medium,low,9,namecheap,,,14/09/2026 16:52
851e2f8a-1c44-42dc-8db8-054a4a517425,adrian.salon,available,57.99,57.99,high,low,6,namesilo,,,17/09/2026 09:59
9464a0c0-3119-49d6-9fa0-22e3216f7be6,oblivious.salon,available,45.74,45.74,high,low,9,spaceship,,,01/10/2026 04:58
1d6bfe7c-68dd-44a4-ade0-52674730da56,witting.salon,available,19.99,83.99,medium,low,7,name.com,,,12/08/2026 22:24
08e3e44f-ba19-4324-a6c4-0a3b4cf3b990,strengthen.salon,available,57.99,57.99,high,low,10,namesilo,,,30/09/2026 15:38
043210ea-2bb0-428d-bf36-f247e4022c5c,shingle.salon,available,55.98,69.98,high,low,7,namecheap,,,01/10/2026 21:39
43896d60-6bcd-4203-b5c8-ac79a6986329,commercials.salon,available,57.99,57.99,medium,low,11,namesilo,,,28/09/2026 13:17
bd0fc97e-27f3-42bd-adeb-001051e78211,boringly.salon,available,55.98,69.98,medium,low,8,namecheap,,,14/09/2026 01:08
b83f02bf-dc0e-4f90-b6f5-8f77db9edcad,tallest.salon,available,57.99,57.99,medium,low,7,namesilo,,,01/10/2026 17:37
075a17cc-dcc8-4e44-83fc-32c30f0ad0ce,agaricus.salon,available,55.98,69.98,medium,low,8,namecheap,,,17/09/2026 16:23
3ea3a8ae-160e-4f57-808b-7abf44dbbe39,rational.salon,available,19.99,83.99,high,low,8,name.com,,,22/08/2026 07:50
34b02475-653c-4fb5-8814-b9602ef0607c,weak.salon,available,57.99,57.99,high,low,4,namesilo,,,24/09/2026 04:57
e77a64f8-6384-4b99-85bc-a1b08feba6e6,inquirer.salon,available,55.98,69.98,medium,low,8,namecheap,,,20/09/2026 14:22
d531a6e4-f62c-4e4d-8c9e-f99ba57d9378,federalists.salon,available,57.99,57.99,medium,low,11,namesilo,,,29/09/2026 11:41
7fba733f-182a-4155-b997-f12aa8266799,columns.salon,available,57.99,57.99,low,low,7,namesilo,,,28/09/2026 23:03
fee624dc-1a15-4985-891b-edfb002363af,talismanic.salon,available,55.98,69.98,medium,low,10,namecheap,,,11/09/2026 07:30
5a58d735-a30c-4514-9c2e-4d278d29b089,serves.salon,available,57.99,57.99,medium,low,6,namesilo,,,18/09/2026 11:42
7b342e7e-a59d-4cd1-9c18-10aa2c921d13,unnatural.salon,available,19.99,83.99,high,low,9,name.com,,,
01d8d5c2-4a81-4e13-9409-108bb167c1b7,triassic.salon,available,55.98,69.98,medium,low,8,namecheap,,,11/09/2026 19:21
c0f2c5f3-75f1-4d5d-b543-ba192e9abac1,rivals.salon,available,57.99,57.99,medium,low,6,namesilo,,,20/09/2026 05:05
cd43f373-6e4b-4bd8-ad60-f83fd0d9fbd0,extract.salon,available,57.99,57.99,high,low,7,namesilo,,,28/09/2026 14:05
74d09a53-f5b0-49c9-8fc4-c983123397df,forgetting.salon,available,55.98,69.98,high,low,10,namecheap,,,01/10/2026 18:31
4ab48a5c-aa6d-4d17-a547-11ad4fd7c963,oceans.salon,available,57.99,57.99,high,low,6,namesilo,,,18/09/2026 06:58
92652930-d3ce-4a31-b858-5cec806eef6d,resounding.salon,available,57.99,57.99,high,low,10,namesilo,,,27/09/2026 12:35
32fe9338-5a38-4cf1-8d9f-a522e10b435d,ingredient.salon,available,57.99,57.99,high,low,10,namesilo,,,24/09/2026 16:51
2afa1a06-20d6-42c8-a92b-3a88fa061628,roar.salon,available,45.74,45.74,high,low,4,spaceship,,,27/09/2026 15:38
3446a8e7-4359-4c9d-bc3a-e26bb9e806f5,communion.salon,available,45.74,45.74,medium,low,9,spaceship,,,29/09/2026 00:28
cf5bcf86-bc99-4ca3-9d4e-eb6bcf06f69c,coulomb.salon,available,55.98,69.98,medium,low,7,namecheap,,,18/09/2026 23:08
138c6129-b5ab-4280-94e9-7b91cc557e9e,diagram.salon,available,57.99,57.99,high,low,7,namesilo,,,24/09/2026 22:08
6a748f99-ce4b-49d1-914b-8b00c6c1ed9a,padded.salon,available,19.99,83.99,high,low,6,name.com,,,13/08/2026 11:57
08d99ea5-0706-4fba-a5f6-21148399988d,amenity.salon,available,55.98,69.98,high,low,7,namecheap,,,17/09/2026 19:17
fc019758-2f76-4610-847b-b9563ebf3b9b,priscilla.salon,available,45.74,45.74,high,low,9,spaceship,,,28/09/2026 03:51
0b3f07a2-a534-4695-bc16-67805009a9d9,norm.salon,available,57.99,57.99,high,low,4,namesilo,,,22/09/2026 14:30
431e7bd9-f363-4095-bfbb-65e1ed4284e1,added.salon,available,55.98,69.98,medium,low,5,namecheap,,,27/09/2026 21:50
367760c0-e26e-46c8-9475-6ecf34c71b5c,men.salon,premium,102.67,102.67,high,low,3,spaceship,,,30/09/2026 03:48
9aac61c5-7a7c-4e53-8a5c-269d2c44cc53,sharp.salon,available,57.99,57.99,high,low,5,namesilo,,,21/09/2026 16:42
5d7ee01f-46a4-4b40-ac9c-6892280abe16,wondrous.salon,available,57.99,57.99,high,low,8,namesilo,,,25/09/2026 00:25
f57e1c1f-4dcb-46d7-be38-714ead7fa584,wider.salon,available,45.74,45.74,medium,low,5,spaceship,,,29/09/2026 04:55
909fad4e-e329-437b-a5ac-c6aaaaadfb57,completion.salon,available,55.98,69.98,high,low,10,namecheap,,,28/09/2026 10:41
17a4edf9-f20c-44a7-8823-d83799d4832f,sudbury.salon,available,57.99,57.99,medium,low,7,namesilo,,,28/09/2026 06:48
bd743caf-b291-49fa-ba75-99010e50bc3f,vendor.salon,available,45.74,45.74,high,low,6,spaceship,,,28/09/2026 02:42
601c7639-c2bf-4590-9230-c9b34d79ca67,degrading.salon,available,19.99,83.99,medium,low,9,name.com,,,13/08/2026 20:10
275c86fe-09f9-4005-952e-9b928913edc6,hhs.salon,available,44.2,44.2,high,low,3,cloudflare,,,29/09/2026 12:02
dc7123ba-57c8-4b34-b0e7-4549d17aa440,catkinate.salon,available,19.99,83.99,medium,low,9,name.com,,,11/08/2026 22:09
2448ce64-8954-4fd3-91e3-c153f8b97ca5,operationally.salon,available,44.2,44.2,medium,low,13,cloudflare,,,29/09/2026 17:55
df3ddc40-182c-4fae-bf50-4d3f2314704f,seduction.salon,available,55.98,69.98,high,low,9,namecheap,,,30/09/2026 11:00
70dad144-4b36-49a1-81ce-ea254da93e88,unreleased.salon,available,55.98,69.98,medium,low,10,namecheap,,,12/09/2026 18:08
9f435297-9d0e-40b2-8abf-f4a3f5a791a1,succeeding.salon,available,44.2,44.2,high,low,10,cloudflare,,,29/09/2026 21:16
b2c931e3-a34c-494e-b1db-1ab482d1bf9c,add.salon,available,10.81,45.83,high,low,3,porkbun,,,28/09/2026 18:19
e4825f5a-a00e-48d1-922f-fa320785ee4c,whitman.salon,available,44.2,44.2,medium,low,7,cloudflare,,,29/09/2026 13:23
bcdaf158-ce50-4056-a480-e1e45da47829,sauna.salon,available,45.74,45.74,high,low,5,spaceship,,,30/09/2026 10:38
c4add9a2-56f9-4cf2-bc1e-55132823ee41,restrain.salon,available,57.99,57.99,medium,low,8,namesilo,,,30/09/2026 03:00
b68e5dd4-7df9-4726-acf1-1970420ca554,hama.salon,available,57.99,57.99,medium,low,4,namesilo,,,02/10/2026 00:52
e66d134c-dbb0-4b19-8bc5-9d04016831f1,kokka.salon,available,55.98,69.98,medium,low,5,namecheap,,,08/09/2026 07:02
c7ee0b4c-fae0-42f0-b3fb-30d30bc5c8d6,heatable.salon,available,19.99,83.99,medium,low,8,name.com,,,21/08/2026 02:15
f800f6ca-290f-4b11-a780-3e0748212f9a,poof.salon,available,55.98,69.98,medium,low,4,namecheap,,,09/09/2026 08:09
abadf8eb-70a7-45f8-9e44-82fd6b868e87,southey.salon,available,45.74,45.74,medium,low,7,spaceship,,,01/10/2026 21:34
acf17f7e-4774-470c-aa46-a762608816bd,accusive.salon,available,19.99,83.99,low,low,8,name.com,,,
22c7696d-4665-41cf-9bc1-1f7cd225bdb8,jra.salon,available,57.99,57.99,medium,low,3,namesilo,,,19/09/2026 14:09
864916d8-622d-438b-b5b1-77542b475484,constraining.salon,available,10.81,45.83,medium,low,12,porkbun,,,01/10/2026 23:03
a1ca5c7d-20f5-49f0-88d0-7fe1ffd74dca,parties.salon,available,57.99,57.99,medium,low,7,namesilo,,,17/09/2026 10:18
9c69b514-f19c-4a90-b876-886e7c1ec3e4,ruined.salon,available,45.74,45.74,high,low,6,spaceship,,,27/09/2026 16:41
6e85aab8-7631-49ff-ae47-ef81f2aa9f8b,lending.salon,available,55.98,69.98,high,low,7,namecheap,,,29/09/2026 07:28
1baab54f-a019-4f8a-b355-2ed715e20030,asceticism.salon,available,57.99,57.99,medium,low,10,namesilo,,,20/09/2026 13:08
b31cff88-729e-42dd-82e1-8830f81799fd,richmond.salon,available,45.74,45.74,high,low,8,spaceship,,,29/09/2026 07:18
285b548d-8b10-4dee-bcbe-08171a1125af,althea.salon,available,55.98,69.98,medium,low,6,namecheap,,,18/09/2026 14:54
6b36b727-08ea-447c-bfdc-9bdddb0e4247,offbeat.salon,available,19.99,83.99,high,low,7,name.com,,,17/08/2026 22:21
db8c86a5-7ced-48f2-8ba5-535d332e0355,attempt.salon,available,45.74,45.74,high,low,7,spaceship,,,28/09/2026 23:03
2122ead7-2c4c-4960-854c-65da1ddb51a0,destroyer.salon,available,57.99,57.99,high,low,9,namesilo,,,28/09/2026 05:31
fe1134ce-89ac-4bb8-b0dc-fb053c616888,making.salon,available,44.2,44.2,high,low,6,cloudflare,,,29/09/2026 14:44
05f85874-4bca-4778-9701-7d545f9d23ce,republican.salon,available,55.98,69.98,high,low,10,namecheap,,,09/09/2026 14:43
d236bc5c-4dd5-4bea-8c63-dc2c4d51cbed,compressed.salon,available,55.98,69.98,high,low,10,namecheap,,,23/09/2026 18:05
2094bfed-b965-484d-8f1d-16ff9b6154ef,deeply.salon,available,19.99,83.99,medium,low,6,name.com,,,13/08/2026 22:30
ed3d7a0b-6ab5-488f-91c4-9aa24b5117a1,trujillo.salon,available,57.99,57.99,medium,low,8,namesilo,,,28/09/2026 16:38
32b7b164-47c1-43d9-bb76-ee666f857e6a,opera.salon,available,45.74,45.74,high,low,5,spaceship,,,01/10/2026 18:48
f48c76a2-1a4c-40c7-b835-21a071a1de73,spitting.salon,available,57.99,57.99,medium,low,8,namesilo,,,29/09/2026 08:06
b2d993ad-9d2a-4830-bb16-ddc99ec4e36a,cohesive.salon,available,19.99,83.99,high,low,8,name.com,,,12/08/2026 16:05
0e8cb4c8-8dde-4cef-8115-b5214dd0deab,rosedale.salon,available,45.74,45.74,high,low,8,spaceship,,,02/10/2026 01:06
0eda7bb7-d890-4f94-8c45-35170d772979,twisted.salon,available,19.99,83.99,high,low,7,name.com,,,25/08/2026 01:43
568d4f89-3e73-4b3d-9a7d-b2d2020caa90,braggart.salon,available,19.99,83.99,medium,low,8,name.com,,,11/08/2026 01:16
bd14370b-03b2-4c6c-877e-1389a047b75b,blithe.salon,available,19.99,83.99,high,low,6,name.com,,,10/08/2026 14:37
1f1187b0-ad21-4c05-9eb1-7f35b004686f,interred.salon,available,19.99,83.99,medium,low,8,name.com,,,11/08/2026 10:36
17ee8a44-d1a7-4f92-8c14-c06286ff850b,comprehension.salon,available,57.99,57.99,medium,low,13,namesilo,,,29/09/2026 23:00
a8bc0059-5816-4736-a141-ca9cc9891616,relics.salon,available,55.98,69.98,medium,low,6,namecheap,,,18/09/2026 20:08
6ec65b90-9104-4d93-b0d2-e743acb92423,rosie.salon,available,45.74,45.74,high,low,5,spaceship,,,27/09/2026 19:47
2093ed2e-ae5b-473e-8bb6-575270fe2350,shutting.salon,available,19.99,83.99,medium,low,8,name.com,,,12/08/2026 12:22
43b675c0-7e40-4666-811f-539df2d41902,markovian.salon,available,19.99,83.99,medium,low,9,name.com,,,24/08/2026 16:06
0f66fd99-fe70-476b-bb1f-b3fffbe0988c,infatuated.salon,available,19.99,83.99,high,low,10,name.com,,,16/08/2026 21:11
a6fc8e44-a9e9-4935-8459-70eb5a26c814,dci.salon,available,57.99,57.99,high,low,3,namesilo,,,02/10/2026 04:33
766f8252-1e1d-4632-b60f-de533ad82509,unlabelled.salon,available,55.98,69.98,medium,low,10,namecheap,,,12/09/2026 14:33
989f3338-2242-487d-8462-fca62c229888,apprehend.salon,available,55.98,69.98,high,low,9,namecheap,,,20/09/2026 09:02
0a7a3f9c-eb20-4f54-9b6a-42d3a3e64a5a,hailed.salon,available,57.99,57.99,medium,low,6,namesilo,,,30/09/2026 15:28
a430c08a-adc4-4eb7-b624-3b9ac9e23239,heats.salon,available,45.74,45.74,high,low,5,spaceship,,,01/10/2026 18:39
e84e9887-ddd7-443a-b5d0-1d7ced2f9609,hardwood.salon,available,44.2,44.2,high,low,8,cloudflare,,,01/10/2026 19:56
9c9acb6a-bd02-4f5f-bbc3-f560eb69295a,nutriment.salon,available,57.99,57.99,high,low,9,namesilo,,,18/09/2026 07:52
6fa4a25b-1636-4e5f-8dbf-bc93269aadc3,flea.salon,available,57.99,57.99,high,low,4,namesilo,,,29/09/2026 06:57
216901ce-f362-478d-94e5-86db9cedad36,democratic.salon,available,57.99,57.99,high,low,10,namesilo,,,24/09/2026 05:46
b58bb766-c320-4d14-ac44-7ee3cfe9928b,recreate.salon,available,57.99,57.99,high,low,8,namesilo,,,24/09/2026 14:10
3eb230cf-f939-4e81-b812-10dcbd7a5ba5,ilxxx.salon,available,19.99,83.99,medium,low,5,name.com,,,
859e8a53-b905-4e5c-b10a-b2d186de1266,autopilot.salon,available,57.99,57.99,high,low,9,namesilo,,,21/09/2026 06:54
ff2acafc-511c-45d8-9be4-864430b2d064,wieldy.salon,available,55.98,69.98,medium,low,6,namecheap,,,13/09/2026 11:52
0ab330a3-be0e-4d94-b36c-b9c34fa5762f,lakeview.salon,available,10.92,47.3,medium,low,8,dynadot,,,30/09/2026 14:05
361681cb-7e40-4baf-b539-20865b25c834,friendship.salon,available,44.2,44.2,high,low,10,cloudflare,,,29/09/2026 19:59
32804d64-e29d-4df9-81a8-f11e66f3b7c3,tantric.salon,available,55.98,69.98,high,low,7,namecheap,,,11/09/2026 08:05
77b28b1b-1b19-4b5f-9b38-7554840e59d1,deck.salon,available,45.74,45.74,high,low,4,spaceship,,,29/09/2026 13:27
68971971-9618-4fea-abb7-fb32b899287c,shelters.salon,available,57.99,57.99,medium,low,8,namesilo,,,20/09/2026 23:17
a28f584f-5586-42d1-93e5-d89b16903e71,dune.salon,available,44.2,44.2,high,low,4,cloudflare,,,30/09/2026 17:05
c2a5b00b-c25e-4037-bb93-75755bcdf5c8,lions.salon,available,14.99,,high,low,5,name.com,,,
4cd8e04a-7df1-4d7d-b935-432af61b4c97,bioweapon.salon,available,55.98,69.98,medium,low,9,namecheap,,,23/09/2026 17:40
d8cad9c4-37eb-40ec-a6b9-f71be7c1a883,amerindian.salon,available,55.98,69.98,medium,low,10,namecheap,,,03/09/2026 13:51
f5253059-b0b0-4f2c-89da-7d9f3ab40bc4,antibody.salon,available,57.99,57.99,high,low,8,namesilo,,,19/09/2026 14:14
03e50289-bbb5-4535-92ac-9b493c3c318d,atresia.salon,available,57.99,57.99,medium,low,7,namesilo,,,21/09/2026 00:42
7b245d90-622b-4a02-a2ff-7589468d2aca,smarting.salon,available,55.98,69.98,medium,low,8,namecheap,,,10/09/2026 11:48
0309faa8-66d1-4f7f-af3c-052bb5bb4c58,hermann.salon,available,57.99,57.99,high,low,7,namesilo,,,20/09/2026 07:11
07490b57-64dc-4150-bde6-ebe47ab5959a,airbrake.salon,available,57.99,57.99,medium,low,8,namesilo,,,17/09/2026 22:58
7913c88e-4b30-429e-a231-884ed180527c,postmark.salon,available,19.99,83.99,high,low,8,name.com,,,18/08/2026 14:12
597ab7ef-1088-4dc2-a44d-f1c33d475522,caprine.salon,available,19.99,83.99,medium,low,7,name.com,,,11/08/2026 18:06
c0658181-ca39-44e3-975a-63b21e1cf7b1,dismiss.salon,available,57.99,57.99,high,low,7,namesilo,,,29/09/2026 15:34
55be1382-9b37-496d-afc0-5e7785afaebd,sleeper.salon,available,57.99,57.99,medium,low,7,namesilo,,,29/09/2026 06:29
bd4a8e92-fe0d-473b-81ca-2e5b27353ccc,hepatitis.salon,available,10.92,47.3,high,low,9,dynadot,,,29/09/2026 19:09
53978344-29b1-4b11-bfbf-d65c325aba00,osaka.salon,available,45.74,45.74,high,low,5,spaceship,,,30/09/2026 10:41
bc1b5b2d-d71d-41c5-84a1-5f429773e963,despotic.salon,available,19.99,83.99,medium,low,8,name.com,,,07/08/2026 18:58
19bc448d-1736-4f42-9003-924fb3d38082,rhianna.salon,available,14.99,,high,low,7,name.com,,,
8a57d106-c305-4a02-9d71-19318e760748,beelzebub.salon,available,57.99,57.99,medium,low,9,namesilo,,,23/09/2026 01:23
fba86e1f-b56f-4c71-9530-d52d3d0e5749,lift.salon,available,55.98,69.98,high,low,4,namecheap,,,03/09/2026 17:40
fe84204d-d4ef-4ecc-b649-af3c15cde5c9,forged.salon,available,19.99,83.99,high,low,6,name.com,,,18/08/2026 11:54
25608466-b4b2-48e1-9969-f9d1b80225fc,earns.salon,available,55.98,69.98,medium,low,5,namecheap,,,01/10/2026 18:15
9a97a98c-c680-4fb9-93cd-7d7ec80543f2,adoption.salon,available,19.99,83.99,high,low,8,name.com,,,17/09/2026 09:43
21312aa3-78f4-4321-bd9e-a1a2276cd320,sba.salon,available,45.74,45.74,high,low,3,spaceship,,,30/09/2026 11:00
05f9352b-fae6-40d5-b625-5a761f774ec5,azeri.salon,available,57.99,57.99,high,low,5,namesilo,,,21/09/2026 11:12
618021ef-5e5d-48fe-9aee-0be7fc3bf335,perky.salon,available,55.98,69.98,high,low,5,namecheap,,,08/09/2026 17:33
e8b63072-fb6f-481a-9ae7-b4b2e15d3e6e,dillon.salon,available,57.99,57.99,high,low,6,namesilo,,,25/09/2026 15:31
c9c8e4de-f183-4392-8d6c-40ecc05e87a1,conversion.salon,available,57.99,57.99,high,low,10,namesilo,,,29/09/2026 06:19
a5a12632-b701-413c-850e-ee64b51b998a,scientific.salon,available,45.74,45.74,high,low,10,spaceship,,,30/09/2026 16:48
9e3f0b41-3b93-461e-a26a-641147fa26a7,cpr.salon,available,57.99,57.99,high,low,3,namesilo,,,24/09/2026 12:51
536511c9-8a7e-4ba9-8660-90ca8fd03789,wiggler.salon,available,57.99,57.99,medium,low,7,namesilo,,,19/09/2026 06:38
e1c327e6-b085-456c-bc89-76491019af6b,hermit.salon,available,55.98,69.98,high,low,6,namecheap,,,09/09/2026 11:42
ef87489a-532b-44f6-bc7b-025d24fa097d,despicable.salon,available,19.99,83.99,medium,low,10,name.com,,,14/08/2026 04:00
edbbab51-a463-4216-8fc9-904af28e7d5e,laggard.salon,available,19.99,83.99,medium,low,7,name.com,,,14/08/2026 07:32
b4334132-3f29-436a-805d-33346af712b1,nobleman.salon,available,55.98,69.98,high,low,8,namecheap,,,03/09/2026 18:00
7e5e1b65-d5d7-434e-88b8-02d2212e31f1,collier.salon,available,45.74,45.74,high,low,7,spaceship,,,02/10/2026 04:24
18c9a3bc-4b09-406b-b9a8-85dfdbd4a201,allowing.salon,available,44.2,44.2,medium,low,8,cloudflare,,,28/09/2026 08:42
a9f0e979-a5a1-4d61-92f4-71092fd71f81,animate.salon,available,57.99,57.99,high,low,7,namesilo,,,22/09/2026 04:47
a773ee29-eb0a-476f-93bb-6153b0395549,lovers.salon,available,57.99,57.99,high,low,6,namesilo,,,27/09/2026 02:55
ff47fac8-6c1d-450b-a62d-026c93d6d892,heartsease.salon,available,57.99,57.99,medium,low,10,namesilo,,,20/09/2026 19:40
7f67dda8-c34a-4896-b6ef-894f5b370e2b,wajda.salon,available,57.99,57.99,medium,low,5,namesilo,,,19/09/2026 05:01
2954610f-b1d8-44da-9f0c-a4038f4d34b3,biol.salon,available,57.99,57.99,high,low,4,namesilo,,,29/09/2026 16:48
422ab1ef-be65-4b86-a024-1c3dfc44a606,urgently.salon,available,55.98,69.98,medium,low,8,namecheap,,,14/09/2026 12:07
46363106-e2ac-445b-896a-6ee5c7d75c50,praiseful.salon,available,19.99,83.99,medium,low,9,name.com,,,22/08/2026 20:51
4faff647-431f-4582-a466-37ff724bf468,hangbird.salon,available,57.99,57.99,medium,low,8,namesilo,,,22/09/2026 00:20
9375cb65-c98f-4c72-a110-47f37413cbbc,outlaw.salon,available,57.99,57.99,high,low,6,namesilo,,,24/09/2026 01:45
dd42810a-6e68-4e02-8c93-7c1b2add3d89,toxicology.salon,available,57.99,57.99,high,low,10,namesilo,,,01/10/2026 21:59
19dab7d8-bde8-446b-9480-d43f116991c9,blat.salon,available,19.99,83.99,medium,low,4,name.com,,,10/08/2026 13:38
8dd9e4c2-a444-46dc-82c1-5e0dc4678978,disrepute.salon,available,55.98,69.98,medium,low,9,namecheap,,,24/09/2026 22:34
aa4aa7b3-5116-4b40-94cb-84c3e19fe130,graves.salon,available,10.81,45.83,high,low,6,porkbun,,,28/09/2026 05:52
58ea7bf3-0aa2-4aa8-99fc-515db60a2e7f,seething.salon,available,55.98,69.98,medium,low,8,namecheap,,,10/09/2026 01:49
5188de57-f683-4d45-90d4-bd7517f2cc1b,reclusive.salon,available,55.98,69.98,medium,low,9,namecheap,,,09/09/2026 11:40
11ec46b1-f6c7-4bb5-9457-9be0831e694a,isentropic.salon,available,19.99,83.99,medium,low,10,name.com,,,22/08/2026 10:44
18e5f14f-c6d5-4d0c-ad89-ff522564e1bf,carboxyl.salon,available,19.99,83.99,medium,low,8,name.com,,,11/08/2026 18:44
0884713d-5e84-4b28-aefd-8608329af3a3,kepler.salon,available,57.99,57.99,medium,low,6,namesilo,,,29/09/2026 01:24
8f2b4106-9ec7-4def-aaa3-23135f8f5dc0,medici.salon,available,55.98,69.98,high,low,6,namecheap,,,25/09/2026 23:33
66bd88b5-0f82-4323-8168-8036076f7c9a,enlivened.salon,available,19.99,83.99,medium,low,9,name.com,,,17/08/2026 09:37
b9e562fe-aa9a-4056-95f0-61a1d54c955a,franck.salon,available,10.81,45.83,medium,low,6,porkbun,,,29/09/2026 00:24
8fb4670e-533d-41eb-b12c-a1b271430cbe,territories.salon,available,45.74,45.74,medium,low,11,spaceship,,,30/09/2026 05:50
a5eeb792-8553-47b0-8207-10b54784867d,spirant.salon,available,19.99,83.99,medium,low,7,name.com,,,12/08/2026 23:20
6e6bb1fc-faaa-4503-872e-6466612a6541,officially.salon,available,55.98,69.98,high,low,10,namecheap,,,14/09/2026 19:44
789a1955-eb08-4bb0-bb19-f0407ee1112c,bonneville.salon,available,45.74,45.74,medium,low,10,spaceship,,,28/09/2026 16:50
05a90a51-5368-46e9-acdb-bf28596455ee,flu.salon,available,45.74,45.74,high,low,3,spaceship,,,29/09/2026 19:35
44ad7f64-efa2-4e44-ba8f-7c3aef73f590,particular.salon,available,55.98,69.98,high,low,10,namecheap,,,24/09/2026 18:23
4bda029b-c64b-42d2-881c-c2c4421f1432,blackberry.salon,available,55.98,69.98,high,low,10,namecheap,,,24/09/2026 02:06
a817d6d9-e402-4f04-bba9-f067cec38dd4,speedway.salon,available,57.99,57.99,high,low,8,namesilo,,,01/10/2026 03:48
bd54c487-caa7-457a-b02d-83fe854b4558,aerospace.salon,available,57.99,57.99,high,low,9,namesilo,,,17/09/2026 13:17
2820c2b2-7b8d-4d2b-a507-f9e288c21e26,contrast.salon,available,44.2,44.2,high,low,8,cloudflare,,,29/09/2026 11:28
593b10b1-0cef-4751-a7ad-c7cfa314628a,aucuba.salon,available,55.98,69.98,medium,low,6,namecheap,,,21/09/2026 02:47
bea4d1c7-8b7f-457c-a6a5-41499b9a71c3,oldham.salon,available,45.74,45.74,high,low,6,spaceship,,,28/09/2026 05:16
d596b5b7-3a29-4a94-ba95-1b5adbcda279,monica.salon,available,57.99,57.99,high,low,6,namesilo,,,25/09/2026 13:55
6a38f000-07bd-46f7-b60b-4cf52fe1a0e4,effect.salon,available,57.99,57.99,high,low,6,namesilo,,,29/09/2026 11:08
d25a34b1-81c2-4283-987a-67814a13a62d,dividable.salon,available,19.99,83.99,medium,low,9,name.com,,,14/08/2026 13:41
562a1150-212c-4f00-b2a6-2552a1103fb3,motors.salon,available,57.99,57.99,medium,low,6,namesilo,,,21/09/2026 01:16
2e02d369-02f8-4407-b4eb-a6ca11ac27fb,unquestionable.salon,available,14.99,,medium,low,14,name.com,,,
d2e847b8-0571-4d2c-a3b4-1edbe0b02be5,aplitic.salon,available,19.99,83.99,medium,low,7,name.com,,,06/08/2026 00:35
57b851c3-2bb7-4f34-b32b-a56012bd26d2,acadian.salon,available,55.98,69.98,high,low,7,namecheap,,,16/09/2026 20:29
be35ea3f-4ca1-44a2-98e5-b2c1221ab019,muir.salon,available,10.81,45.83,high,low,4,porkbun,,,29/09/2026 19:25
7a01d4ea-0ba3-461a-9122-40df8797faf4,colman.salon,available,55.98,69.98,medium,low,6,namecheap,,,29/09/2026 04:11
afa5841c-de0a-437b-9c72-5ecfbb487cba,hogan.salon,available,57.99,57.99,high,low,5,namesilo,,,23/09/2026 07:21
a8f7e445-4c97-4566-9033-2a4cdcd99288,whales.salon,available,45.74,45.74,medium,low,6,spaceship,,,28/09/2026 08:48
90e4bc41-6c92-44fb-93ae-1e4ce8c063c7,shafts.salon,available,45.74,45.74,medium,low,6,spaceship,,,30/09/2026 15:34
84fe9fbe-dab9-49ac-a15c-29c72acc2dbd,waning.salon,available,55.98,69.98,medium,low,6,namecheap,,,13/09/2026 08:04
b4738213-f825-4ed0-877d-119e406b341c,mainstream.salon,available,45.74,45.74,high,low,10,spaceship,,,29/09/2026 01:38
1fc77eb6-58bf-4957-b420-27bd24b33087,gromyko.salon,available,57.99,57.99,medium,low,7,namesilo,,,19/09/2026 04:28
7070c342-0e40-43c1-95f8-a63ddb403af4,epic.salon,available,57.99,57.99,high,medium,4,namesilo,,,24/09/2026 14:28
9468a80a-3799-45cc-be4b-564fddee1c0c,francis.salon,available,55.98,69.98,high,low,7,namecheap,,,25/09/2026 13:36
22cf60ae-9515-4bf8-99b1-17286f59c15b,ringing.salon,available,57.99,57.99,high,low,7,namesilo,,,27/09/2026 05:00
f0036e8a-8bb3-444f-9948-567f96925931,publish.salon,available,57.99,57.99,high,low,7,namesilo,,,28/09/2026 06:03
6113e395-9ff1-4cb0-8212-f32250cc4a78,ams.salon,available,57.99,57.99,high,low,3,namesilo,,,28/09/2026 21:48
8907e7d6-7bcb-4651-9732-c7a99f1565c0,commons.salon,available,57.99,57.99,high,low,7,namesilo,,,23/09/2026 16:05
5260abda-818d-4548-adae-9d40bbfb1457,behalf.salon,available,57.99,57.99,high,low,6,namesilo,,,23/09/2026 03:04
6386b0fc-1349-4b9d-9fba-6329e8628d01,jagged.salon,available,19.99,83.99,medium,low,6,name.com,,,17/08/2026 12:32
f2c327ba-ab4f-42f3-9182-49916c66473a,culinary.salon,available,57.99,57.99,high,low,8,namesilo,,,19/09/2026 15:04
1efbcbfa-6ae6-4b7c-af37-9d7ea6e428bc,kelly.salon,available,57.99,57.99,high,low,5,namesilo,,,25/09/2026 05:33
195a7d95-9416-432a-b3b5-e229a41afbe8,verses.salon,available,45.74,45.74,medium,low,6,spaceship,,,30/09/2026 06:45
ba6792bd-76cf-414a-81de-064644e94fac,wicklow.salon,available,57.99,57.99,medium,low,7,namesilo,,,01/10/2026 23:14
ab253ece-42b9-4f64-b502-93a736cccc37,agio.salon,available,55.98,69.98,medium,low,4,namecheap,,,17/09/2026 18:01
e6a61ab0-5ca9-4a5e-9fdf-5afe2cc87d08,sexed.salon,available,55.98,69.98,medium,low,5,namecheap,,,10/09/2026 05:13
8eaa2ad2-b103-4d31-ba25-7491742238bc,rivera.salon,available,55.98,69.98,high,low,6,namecheap,,,25/09/2026 04:54
b3f83c74-73d1-4447-b6fb-372dc7198f14,luxurious.salon,available,19.99,83.99,high,low,9,name.com,,,14/08/2026 00:57
4ef1e64e-9562-4de8-9ac9-0851518afc86,fabulously.salon,available,55.98,69.98,medium,low,10,namecheap,,,14/09/2026 17:19
5549189d-146b-4104-8487-14164c5a3750,javanese.salon,available,19.99,83.99,high,low,8,name.com,,,22/08/2026 12:28
c76f6e13-6755-4487-be79-45fe864dac71,repairs.salon,available,45.74,45.74,medium,low,7,spaceship,,,28/09/2026 18:11
b8ffc150-31b4-4cb1-b31f-bfb98c7044bc,enthralled.salon,available,19.99,83.99,medium,low,10,name.com,,,09/08/2026 10:06
21bb93cd-4125-4f9a-ac84-0e9ad647ae7e,heidi.salon,available,10.81,45.83,high,low,5,porkbun,,,28/09/2026 16:18
60d6ffb3-5e8a-4715-803f-fcde9edd12dd,hash.salon,available,45.74,45.74,high,medium,4,spaceship,,,29/09/2026 01:16
3f9bccff-e0e3-41cf-be89-e0a662cac72d,amends.salon,available,57.99,57.99,high,low,6,namesilo,,,18/09/2026 18:41
533c1d44-fe85-456c-b5a7-5b3899f8ccfe,darrow.salon,available,57.99,57.99,medium,low,6,namesilo,,,30/09/2026 09:12
3134ed31-429f-4568-abc4-5b946893f3a5,scraps.salon,available,44.2,44.2,high,low,6,cloudflare,,,01/10/2026 02:13
5babd88c-7693-4deb-b763-fb4bd04ad1db,explicable.salon,available,19.99,83.99,medium,low,10,name.com,,,17/08/2026 18:23
3f98dd96-5fd3-4e0a-aea6-583efcc04439,wade.salon,available,45.74,45.74,high,low,4,spaceship,,,28/09/2026 06:51
479220cc-5154-4635-92e9-86292c211c9a,linen.salon,available,45.74,45.74,medium,low,5,spaceship,,,29/09/2026 01:36
d9624973-7950-48b3-b5e1-b6f2562ddf24,remake.salon,available,45.74,45.74,high,low,6,spaceship,,,30/09/2026 10:58
d2438404-2ceb-4140-b799-4ef42d25e894,summon.salon,available,55.98,69.98,high,low,6,namecheap,,,29/09/2026 01:42
1eab3f42-8a34-4f2a-936d-b2e9700fce75,exigent.salon,available,19.99,83.99,medium,low,7,name.com,,,13/08/2026 09:31
5cf470b8-c30b-4728-a015-0088bc5849b4,undigested.salon,available,55.98,69.98,medium,low,10,namecheap,,,12/09/2026 08:01
bb1984ff-8799-42f2-bf9f-424279618545,arcadic.salon,available,57.99,57.99,medium,low,7,namesilo,,,20/09/2026 01:36
42cfc8bd-028a-49fd-86c9-293a11a1a3de,accents.salon,available,44.2,44.2,medium,low,7,cloudflare,,,30/09/2026 15:13
3ad10849-191c-469f-86f9-8171b09c4a13,belmont.salon,available,57.99,57.99,high,low,7,namesilo,,,23/09/2026 06:57
629a5f28-3af9-4e27-a562-f06544223894,bidens.salon,available,45.74,45.74,medium,low,6,spaceship,,,29/09/2026 02:29
5c2def65-3e3b-406d-9989-a0e35c656b53,ravi.salon,available,44.2,44.2,high,low,4,cloudflare,,,29/09/2026 04:31
6b3da8c4-0369-4192-8e9c-c0bfbac55b0d,maureen.salon,available,45.74,45.74,medium,low,7,spaceship,,,27/09/2026 19:11
dcb54921-cd2b-4774-a76c-488742227cca,kinetic.salon,available,19.99,83.99,high,low,7,name.com,,,17/08/2026 06:45
2c567f18-794d-4479-9094-a6d1ec514c60,palaces.salon,available,10.81,45.83,medium,low,7,porkbun,,,30/09/2026 23:50
3a28aaa7-188c-4bee-a9e7-9d33df90fa80,eroticism.salon,available,57.99,57.99,medium,low,9,namesilo,,,18/09/2026 16:10
a0a1414e-63e2-4f9b-9c06-d40a3ff94cd2,stabilize.salon,available,10.81,45.83,high,low,9,porkbun,,,30/09/2026 03:14
0b5d8d3f-4105-4e77-9cd6-524dc7a4579e,takeover.salon,available,10.92,47.3,high,low,8,dynadot,,,30/09/2026 22:32
fad8cf3d-95c3-4ab9-a046-3a92523571bd,level.salon,available,57.99,57.99,high,medium,5,namesilo,,,24/09/2026 15:32
9f3ac52c-fd5e-4f9d-a255-100eb9becd86,critically.salon,available,57.99,57.99,medium,low,10,namesilo,,,28/09/2026 14:26
ed993aca-915c-487b-96c4-cda355405d96,taipeh.salon,available,57.99,57.99,medium,low,6,namesilo,,,24/09/2026 12:26
691358be-a0e3-433b-80a6-3a2ddc1143e8,undertaking.salon,available,45.74,45.74,high,low,11,spaceship,,,29/09/2026 21:13
0e3ca563-22c6-4a33-899d-1a287b54dd9b,xxx.salon,resell,,,high,medium,3,"Sav.com, LLC",04/02/2026 21:35,04/02/2027 21:35,26/09/2026 10:15
e125e6cf-aee7-4ee2-be9f-edffd9e1ad21,notice.salon,available,57.99,57.99,high,low,6,namesilo,,,24/09/2026 16:29
f22183f8-bf9d-45f9-a0d2-3ba26920c97b,corsair.salon,available,57.99,57.99,high,low,7,namesilo,,,22/09/2026 04:33
dbf89276-51b4-4706-ba17-d6b4131ee004,overhaul.salon,available,10.81,45.83,high,low,8,porkbun,,,30/09/2026 10:14
c55630e8-6012-4a4e-b2f4-46596422f63e,holland.salon,available,45.74,45.74,high,low,7,spaceship,,,28/09/2026 02:07
57d94418-0c10-40b2-8999-700fcbc210b8,lakeside.salon,available,44.2,44.2,high,low,8,cloudflare,,,01/10/2026 20:15
bccd97ee-a9df-4c0b-bf3c-9be6c9e7f1f0,bulletin.salon,available,55.98,69.98,high,low,8,namecheap,,,24/09/2026 11:08
c17ae3c6-6e59-49e3-8952-09428b42e258,costs.salon,available,44.2,44.2,high,low,5,cloudflare,,,29/09/2026 11:44
20429396-4a52-4d08-b1a7-d4d7a10a2d73,southampton.salon,available,57.99,57.99,medium,low,11,namesilo,,,25/09/2026 14:27
acf3dab5-3744-41d1-a2ce-1adf1e2779db,filipino.salon,available,19.99,83.99,high,low,8,name.com,,,18/08/2026 04:19
f8da23e0-fd95-4cf0-a8f2-cb4086d174e6,transfixed.salon,available,19.99,83.99,medium,low,10,name.com,,,17/08/2026 22:56
41acb25f-bd74-4df5-a2e0-4734a1d7892c,despite.salon,available,57.99,57.99,high,low,7,namesilo,,,29/09/2026 11:22
411ee4d4-0a5b-4f47-81fd-2afd597ba78c,fittest.salon,available,57.99,57.99,medium,low,7,namesilo,,,18/09/2026 04:12
d639c378-f084-40ec-beee-604cb59be19d,periods.salon,available,45.74,45.74,medium,low,7,spaceship,,,28/09/2026 18:01
7b6c6432-66c7-467b-986e-f8a38811b61f,laborers.salon,available,57.99,57.99,medium,low,8,namesilo,,,02/10/2026 03:32
47c32460-607d-4779-aa61-81d390320a0b,roadster.salon,available,19.99,83.99,high,low,8,name.com,,,11/08/2026 08:06
5d7e6120-d24d-439f-a752-272c7939858e,rosen.salon,available,57.99,57.99,high,low,5,namesilo,,,26/09/2026 03:15
2d19d9c7-c125-4c1e-a5a2-ec796b0763b0,enforcement.salon,available,45.74,45.74,medium,low,11,spaceship,,,28/09/2026 08:21
bf1315c4-2156-4487-a9ac-2beea7c44e84,immutably.salon,available,19.99,83.99,medium,low,9,name.com,,,15/09/2026 02:06
15c51ffd-f856-489e-a084-12a0835b74c4,hefty.salon,available,19.99,83.99,medium,low,5,name.com,,,11/08/2026 02:48
de07ee35-a9b4-4c1d-bbb8-5d7837522c6f,yob.salon,available,19.99,83.99,medium,low,3,name.com,,,11/08/2026 08:46
f709da12-0232-44f0-895f-709ca841c61b,rains.salon,available,44.2,44.2,medium,low,5,cloudflare,,,28/09/2026 07:33
ea96f1e3-c356-4ab1-9d8b-6171fb64a0c1,band.salon,available,57.99,57.99,high,low,4,namesilo,,,29/09/2026 00:56
0711515f-eb2c-428b-b81e-14582f443522,floodwaters.salon,available,55.98,69.98,medium,low,11,namecheap,,,21/09/2026 03:37
d33a2169-4a40-4f58-9de8-acf11ecc45a3,securing.salon,available,14.99,,medium,low,8,name.com,,,
06c33db8-a0a6-497e-b0da-31df418d9208,axenic.salon,available,19.99,83.99,medium,low,6,name.com,,,08/08/2026 01:51
c53429f5-d238-424b-9013-025d3dc8ff73,household.salon,available,45.74,45.74,high,low,9,spaceship,,,29/09/2026 18:57
17c20a19-94ef-4f5d-b125-2b01a78030cf,beograd.salon,available,57.99,57.99,high,low,7,namesilo,,,23/09/2026 05:12
4979faea-885c-4d3c-8c2f-1f474f77eadf,francium.salon,available,57.99,57.99,medium,low,8,namesilo,,,20/09/2026 23:59
2f6d2e35-5647-47bd-9328-1c9aa86e5b4c,builder.salon,available,55.98,69.98,high,low,7,namecheap,,,29/09/2026 05:12
c60adcea-d663-4e1d-b61c-7443049ae56a,bakshis.salon,available,57.99,57.99,medium,low,7,namesilo,,,21/09/2026 15:54
400932be-b83d-4ab4-b647-3428fecbd6f8,midi.salon,available,19.99,83.99,high,low,4,name.com,,,24/08/2026 22:34
fd751a6a-2d4e-41c6-977e-4e6bf38bc95d,panel.salon,available,57.99,57.99,high,low,5,namesilo,,,19/09/2026 11:40
bc30fbb0-ea00-4b40-8971-1bda0e73e9ab,sneaking.salon,available,10.92,47.3,medium,low,8,dynadot,,,29/09/2026 14:54
124d9be9-d90e-4555-812e-41e64bcea7ba,flowered.salon,available,19.99,83.99,high,low,8,name.com,,,18/08/2026 08:56
19b9ab3f-a275-454a-8910-308fd05ea060,benignly.salon,available,55.98,69.98,medium,low,8,namecheap,,,13/09/2026 23:51
7c74cfe3-03ac-40ec-80b5-d6c0023810fa,ingrowing.salon,available,19.99,83.99,medium,low,9,name.com,,,22/08/2026 04:54
66921f0a-9631-47d3-8741-fd1e856e99d8,kennel.salon,available,45.74,45.74,high,low,6,spaceship,,,01/10/2026 19:15
3964fd98-512f-4733-8dcc-df95fa9134c6,imogen.salon,available,10.92,47.3,high,low,6,dynadot,,,02/10/2026 00:11
76722750-4fa5-4d2e-8aa8-8be10af72abe,evaluative.salon,available,19.99,83.99,medium,low,10,name.com,,,06/08/2026 08:13
39d8f7f3-b419-46c7-aa3e-9bc1c56f4157,also.salon,available,10.81,45.83,high,low,4,porkbun,,,28/09/2026 12:05
7b326e32-4faa-42dc-97b2-932853c735f1,mohammad.salon,available,10.81,45.83,high,low,8,porkbun,,,28/09/2026 06:19
b52e99a8-5840-48df-a0e6-e2cac725e1ce,icing.salon,available,57.99,57.99,high,low,5,namesilo,,,01/10/2026 02:14
103b7e97-6845-4d28-a8b5-14e663e5f657,fulfillment.salon,available,57.99,57.99,high,low,11,namesilo,,,29/09/2026 23:14
6c052954-8e6c-4850-b554-e3727691a48d,chapters.salon,available,44.2,44.2,high,low,8,cloudflare,,,29/09/2026 11:10
4dc8bad4-62c0-4b62-bb47-0f7f00879567,magically.salon,available,55.98,69.98,high,low,9,namecheap,,,13/09/2026 21:17
d54af261-aead-446d-9743-b68b2c77eb87,shells.salon,available,57.99,57.99,medium,low,6,namesilo,,,19/09/2026 01:23
f22fdb51-06ba-4f5f-9a57-ff739d78f643,plantation.salon,available,10.92,47.3,high,low,10,dynadot,,,28/09/2026 06:31
122429ce-74e5-4727-ad48-e67deb9f7ceb,baton.salon,available,57.99,57.99,high,low,5,namesilo,,,22/09/2026 14:13
16e3092e-6e02-4e33-98c7-c7ce329e668b,laic.salon,available,19.99,83.99,medium,low,4,name.com,,,22/08/2026 18:47
7f04242e-89fa-4bee-ae16-d5de7dfdb58e,paranoiac.salon,available,55.98,69.98,medium,low,9,namecheap,,,08/09/2026 01:08
dc9b0c3b-8931-4913-a7b2-4f517c45deb9,fundamental.salon,available,55.98,69.98,high,low,11,namecheap,,,28/09/2026 11:15
7a8f1edd-509c-409a-a57f-b8ef0506b5ea,switching.salon,available,44.2,44.2,high,low,9,cloudflare,,,28/09/2026 06:49
7dfea0cd-5544-47e6-a687-a0b35aceecf2,reporter.salon,available,57.99,57.99,high,low,8,namesilo,,,25/09/2026 09:33
3e026685-f2ca-4952-b571-1d0fb57fdfa7,tight.salon,available,19.99,83.99,medium,low,5,name.com,,,09/08/2026 17:09
a5c65299-6107-4e16-9f10-c0fd64751655,versailles.salon,available,45.74,45.74,high,low,10,spaceship,,,29/09/2026 19:53
579e812f-d374-4220-825e-c9bbfbb525cb,austere.salon,available,57.99,57.99,medium,low,7,namesilo,,,22/09/2026 13:15
bb8eb3d9-9a6b-4ce2-a05a-00ebce3c2d0b,slid.salon,available,45.74,45.74,medium,low,4,spaceship,,,30/09/2026 14:18
aa5a6eb9-1a45-47fb-a243-2814c2a2af9c,counterterrorism.salon,available,14.99,,medium,low,17,name.com,,,
7ab837d6-7a71-44cb-a372-cc4cf50068fa,stepwise.salon,available,19.99,83.99,high,low,8,name.com,,,10/08/2026 07:12
a57d567b-30da-4db6-a985-080868a6135e,notably.salon,available,55.98,69.98,medium,low,7,namecheap,,,15/09/2026 16:54
1ee6d6a2-96b4-4581-9b15-c4d9ded4e57a,naia.salon,available,45.74,45.74,medium,low,4,spaceship,,,30/09/2026 12:50
2c489ad0-c6c1-4d36-8727-7ed6f7055bb6,arti.salon,available,45.74,45.74,high,low,4,spaceship,,,02/10/2026 01:43
22ad955f-5d51-4128-9ff7-50659ce83878,tragedies.salon,available,57.99,57.99,low,low,9,namesilo,,,02/10/2026 03:44
ec86ff45-d725-4ac2-89d8-cefcc535a94a,sour.salon,available,19.99,83.99,high,low,4,name.com,,,20/08/2026 15:04
32eab85b-89fd-4b00-a161-e22623b84566,birkenhead.salon,available,10.92,47.3,medium,low,10,dynadot,,,01/10/2026 08:22
dc3e13dc-e241-4ca6-96d6-0835b7e7e201,instep.salon,available,55.98,69.98,high,low,7,namecheap,,,16/09/2026 14:59
3f5f4ada-cc9e-4a28-815c-0026cf783772,undermining.salon,available,55.98,69.98,medium,low,11,namecheap,,,01/10/2026 15:46
592aaa14-fbd5-412d-8bee-1015ae1501cd,cynicism.salon,available,55.98,69.98,medium,low,8,namecheap,,,24/09/2026 20:49
b27370bc-90cd-4934-9368-cbc90cd86209,ergodic.salon,available,19.99,83.99,medium,low,7,name.com,,,17/08/2026 12:09
983780b7-b993-471f-98c4-c9173b827833,birds.salon,available,14.99,,high,low,5,name.com,,,
fbe5d093-b93b-43db-8090-358e0888dae4,ellsworth.salon,available,45.74,45.74,medium,low,9,spaceship,,,27/09/2026 13:20
b86ffba9-ec04-4016-90b4-bbf3dd4e611c,swash.salon,available,19.99,83.99,medium,low,5,name.com,,,11/08/2026 01:05
23abd295-4667-43f7-8af0-49d04329bbbd,savannah.salon,available,44.2,44.2,high,low,8,cloudflare,,,30/09/2026 02:47
c627b6c5-729b-4599-83a6-746cd7d6b621,brick.salon,available,10.81,45.83,high,low,5,porkbun,,,27/09/2026 11:59
eb08a0b8-daf8-4ac9-af82-d6de7a859df1,walters.salon,available,57.99,57.99,medium,low,7,namesilo,,,25/09/2026 15:56
4cf071b2-31b2-48ae-8788-605ffff9dae2,festivals.salon,available,97.99,97.99,high,low,9,godaddy,,,01/10/2026 00:27
356373b9-5ef4-4ac4-af05-e99483dbe18f,endanger.salon,available,45.74,45.74,high,low,8,spaceship,,,30/09/2026 02:16
57753f64-0bbc-436c-9ed9-9adc4947df18,baluster.salon,available,57.99,57.99,medium,low,8,namesilo,,,22/09/2026 00:22
b5303eed-2e51-43ea-9c46-2e98cdccfba7,ige.salon,available,55.98,69.98,medium,low,3,namecheap,,,01/10/2026 02:40
920225f2-5cc9-4d11-b6cd-2bf9e8069778,tactical.salon,available,55.98,69.98,high,low,8,namecheap,,,11/09/2026 07:00
ebdc1efe-e2a8-4153-b40c-0fd7ec1ae816,wanness.salon,available,57.99,57.99,medium,low,7,namesilo,,,17/09/2026 01:08
e94cfafb-48aa-4476-87d0-d9ef2bc9253b,erratic.salon,available,19.99,83.99,high,low,7,name.com,,,17/08/2026 12:46
f97c4cf1-6cab-44bc-93fc-cc5d007c07c4,racing.salon,available,45.74,45.74,high,low,6,spaceship,,,30/09/2026 09:07
d89f19d8-07e2-4879-94ff-3fde351a43be,florid.salon,available,19.99,83.99,medium,low,6,name.com,,,07/08/2026 17:26
445c89b0-b888-48b7-8f4e-53442863de29,thirdly.salon,available,55.98,69.98,medium,low,7,namecheap,,,11/09/2026 13:39
6f34dee5-7b39-4c9d-9813-763a623b6e2d,atar.salon,available,55.98,69.98,medium,low,4,namecheap,,,20/09/2026 19:24
b04af519-b188-40d4-a99b-a8a02f0fde34,installations.salon,available,44.2,44.2,medium,low,13,cloudflare,,,01/10/2026 18:25
35e7202b-8596-4c9f-99e1-06de0bf27aff,rightish.salon,available,55.98,69.98,medium,low,8,namecheap,,,09/09/2026 17:35
59bcf13e-66bf-4e46-b241-7c1bfe0ffc15,seasons.salon,available,57.99,57.99,medium,low,7,namesilo,,,28/09/2026 12:51
d8f18de7-89c5-49b3-aa02-cb90c719d932,peopled.salon,available,55.98,69.98,medium,low,7,namecheap,,,08/09/2026 15:32
99c79240-4670-49c7-aa53-92513974469d,goliath.salon,available,57.99,57.99,high,low,7,namesilo,,,23/09/2026 03:22
93bc57a1-ada1-4ca4-96fc-a6116b3367c8,taken.salon,available,57.99,57.99,high,low,5,namesilo,,,25/09/2026 10:20
768cdac3-24ab-4119-88ec-5d58b1612cf2,against.salon,available,57.99,57.99,medium,low,7,namesilo,,,30/09/2026 22:30
407716aa-10a7-465f-9158-1e06e2b4c2c5,variable.salon,available,45.74,45.74,high,low,8,spaceship,,,28/09/2026 10:08
b711025e-a1c6-480d-ae57-93d13d768ef0,abampere.salon,available,57.99,57.99,medium,low,8,namesilo,,,16/09/2026 13:54
2b066bc0-4e58-455d-bb5e-91521825a472,lock.salon,available,57.99,57.99,high,low,4,namesilo,,,29/09/2026 23:33
59fd6089-7136-459b-a297-ca13768e9c51,subway.salon,available,19.99,83.99,high,low,6,name.com,,,25/09/2026 23:41
fc3b1a2b-e6eb-49cf-9b33-b463dc1392d5,anselm.salon,available,55.98,69.98,medium,low,6,namecheap,,,19/09/2026 12:02
3d8b9f71-172f-4a35-a525-83d31c1fd40b,solicitor.salon,available,45.74,45.74,high,low,9,spaceship,,,01/10/2026 01:16
5cf895c9-fa0d-452d-90b4-56f10680103d,earlyish.salon,available,19.99,83.99,medium,low,8,name.com,,,14/08/2026 22:29
32598d3e-39a5-48da-95f6-2e81f80d85ef,voip.salon,available,10.81,45.83,high,low,4,porkbun,,,01/10/2026 22:33
33a08bcd-0099-45eb-acb6-aa848245cf13,idealism.salon,available,57.99,57.99,high,low,8,namesilo,,,02/10/2026 05:14
e4f70aea-c5c1-4274-b0bf-70fa8643b708,sensational.salon,available,57.99,57.99,high,low,11,namesilo,,,01/10/2026 19:37
b594499c-e53e-46dc-ab80-bcfd20c218de,armilla.salon,available,57.99,57.99,medium,low,7,namesilo,,,20/09/2026 07:02
d04a00a0-e8b6-409c-81dd-baff90df8410,agenesis.salon,available,57.99,57.99,medium,low,8,namesilo,,,17/09/2026 17:08
22dd5a61-679b-438b-8470-cbaa5e8d7549,thunderstorm.salon,available,45.74,45.74,high,low,12,spaceship,,,01/10/2026 22:23
7bee4b69-0de1-4fd6-abd9-97abe9611023,scorched.salon,available,19.99,83.99,medium,low,8,name.com,,,
a61fe64f-11db-4bd5-bcee-f1126ddc7614,lexically.salon,available,55.98,69.98,medium,low,9,namecheap,,,15/09/2026 11:16
ef02e23f-b8d5-4c48-bcdb-f3e05e9e0282,ranger.salon,available,57.99,57.99,high,low,6,namesilo,,,27/09/2026 03:34
00a178aa-6a96-474e-8c6a-60675e2a6667,ldp.salon,available,10.92,47.3,high,low,3,dynadot,,,30/09/2026 03:15
79953495-b688-4f76-a2dd-c47c492ae888,werewolves.salon,available,57.99,57.99,medium,low,10,namesilo,,,19/09/2026 01:01
cc45e4f7-0f3c-43d1-bd69-87f2d1749ab3,thump.salon,available,55.98,69.98,high,low,5,namecheap,,,11/09/2026 15:06
54492845-8835-4a83-b4f5-86d45f25044a,incorporate.salon,available,45.74,45.74,high,low,11,spaceship,,,29/09/2026 02:35
d6342da0-67f1-4f2c-8bb2-c17e80f417a0,energetic.salon,available,19.99,83.99,high,low,9,name.com,,,17/08/2026 05:58
a56f9f64-f91b-4cd5-b4a1-405175b8d9e1,hydrated.salon,available,19.99,83.99,high,low,8,name.com,,,21/08/2026 16:16
9277e8df-a666-4729-8c8f-971f2726f3b0,consequences.salon,available,55.98,69.98,high,low,12,namecheap,,,27/09/2026 08:40
49d8c888-0697-4e4c-8f97-708c09ef2e80,concentrate.salon,available,57.99,57.99,high,low,11,namesilo,,,26/09/2026 00:53
3bee5660-7811-4dbb-a70c-c9307556403d,swarm.salon,available,10.92,47.3,high,medium,5,dynadot,,,29/09/2026 14:02
202cf816-50de-4bb0-b927-7e070d99b5d8,improving.salon,available,19.99,83.99,high,low,9,name.com,,,21/08/2026 23:17
fb20e4ce-3061-4a4a-af3c-0021231f9a3d,asper.salon,available,19.99,83.99,medium,low,5,name.com,,,20/09/2026 14:47
5eda5f6c-7417-4f6f-9c45-d6238e4b740b,humanistic.salon,available,19.99,83.99,high,low,10,name.com,,,21/08/2026 14:53
a59bd3a4-0d08-4aec-abff-eb667e210657,sweater.salon,available,57.99,57.99,high,low,7,namesilo,,,28/09/2026 06:35
f564e750-4593-477e-9770-220c63ff2e33,pallas.salon,available,55.98,69.98,medium,low,6,namecheap,,,20/09/2026 20:39
a112a866-ab27-47bf-8c3d-9d6b8f19eda8,appalling.salon,available,19.99,83.99,medium,low,9,name.com,,,06/08/2026 04:31
4207ea21-6d31-40b3-8734-f3b6fe4781ad,brownsville.salon,available,44.2,44.2,medium,low,11,cloudflare,,,28/09/2026 08:10
b8d13d56-7fc7-47e7-9a49-46a7c974ef53,categorical.salon,available,57.99,57.99,high,low,11,namesilo,,,02/10/2026 00:30
6ed81600-c5f9-4b30-beb1-f92ed7ec4afb,amino.salon,available,19.99,83.99,high,low,5,name.com,,,
f63bfa3c-4031-4fba-bcff-315e17097f09,applicator.salon,available,57.99,57.99,high,low,10,namesilo,,,19/09/2026 21:55
b03d3b5f-1bbe-4efb-9697-ed80d9d311d9,brockhouse.salon,available,57.99,57.99,medium,low,10,namesilo,,,23/09/2026 10:18
eb9c7c04-4493-4081-8d6d-9066421bc36f,spiral.salon,available,57.99,57.99,high,low,6,namesilo,,,23/09/2026 14:59
b707193d-5624-4420-87af-a5148fbfa1fe,zesty.salon,available,19.99,83.99,high,low,5,name.com,,,08/08/2026 20:02
93b34ed1-3970-44c7-90d6-b5a8e4552484,midway.salon,available,19.99,83.99,high,low,6,name.com,,,11/08/2026 23:58
eb57613c-7dd3-4c95-99af-bd492702fcfc,buff.salon,available,19.99,83.99,high,low,4,name.com,,,11/08/2026 07:48
925e08a8-bb7d-461f-a787-08b240c05c26,inappropriate.salon,available,57.99,57.99,medium,low,13,namesilo,,,27/09/2026 16:59
0121ea3a-0753-4edc-a37c-3d6a49990f52,outspoken.salon,available,19.99,83.99,high,low,9,name.com,,,11/08/2026 16:45
938faa90-51f1-420b-8d77-3d6cdc8edbf3,privacy.salon,available,57.99,57.99,high,medium,7,namesilo,,,24/09/2026 17:03
a8a18c4e-bc3f-4b25-908c-f6a27d9f7e87,nucleated.salon,available,55.98,69.98,medium,low,9,namecheap,,,03/09/2026 22:22
5f67114f-1fd1-4165-9299-1cb240896a98,gimpy.salon,available,19.99,83.99,medium,low,5,name.com,,,13/08/2026 07:05
9af348de-ad67-4d11-a324-dd6a325cd65e,kruger.salon,available,44.2,44.2,medium,low,6,cloudflare,,,29/09/2026 01:31
59ed1460-87e0-441e-b626-21781410eaf5,asimov.salon,available,57.99,57.99,high,low,6,namesilo,,,20/09/2026 14:15
9048b003-c89f-44ae-831e-4982c5f34a80,dobbs.salon,available,45.74,45.74,medium,low,5,spaceship,,,29/09/2026 10:37
ccfeaa08-d096-4557-b9ad-3c1814f2573f,reliable.salon,available,45.74,45.74,high,low,8,spaceship,,,29/09/2026 13:47
2b77a923-b0a6-47f4-b0f2-d7dad79758db,babar.salon,available,55.98,69.98,high,low,5,namecheap,,,21/09/2026 12:14
ef45b396-f60b-4994-afb6-ea770a5f4053,tumble.salon,available,10.92,47.3,medium,low,6,dynadot,,,30/09/2026 19:03
669f65a4-728b-4f40-bce8-5aec7da8f333,mink.salon,available,45.74,45.74,high,low,4,spaceship,,,01/10/2026 03:00
f3b92e78-a3b0-4ef8-a393-22068aa3c95b,erwin.salon,available,57.99,57.99,high,low,5,namesilo,,,27/09/2026 01:41
a5aa0133-007b-43a7-bb87-83a31d25c9b6,chelmsford.salon,available,57.99,57.99,medium,low,10,namesilo,,,29/09/2026 15:25
99ef3351-7ad5-408f-ab6d-7f7822c9404a,grinding.salon,available,10.92,47.3,medium,low,8,dynadot,,,28/09/2026 19:23
5c5f81f7-67d1-4461-b452-2c41fa77bcd0,foia.salon,available,57.99,57.99,high,low,4,namesilo,,,30/09/2026 11:49
badd5898-4b24-4f9e-8f96-ad1099ae4b9f,rama.salon,available,55.98,69.98,high,low,4,namecheap,,,27/09/2026 15:30
fa13011d-c5af-405d-8fea-a518fd67afdd,full.salon,available,57.99,57.99,high,low,4,namesilo,,,24/09/2026 14:07
4493abbd-748f-4e92-9747-f656e7b7ac21,alves.salon,available,10.92,47.3,medium,low,5,dynadot,,,30/09/2026 12:39
79e69b0a-5fcd-4fba-b442-cd72c84b09b0,fairness.salon,available,55.98,69.98,high,low,8,namecheap,,,22/09/2026 22:20
2443e72a-120f-487c-9881-77e8226a25c8,aggregator.salon,available,57.99,57.99,high,low,10,namesilo,,,17/09/2026 17:29
53747786-02dc-44c2-918c-60dc1a19af6f,puff.salon,available,55.98,69.98,high,low,4,namecheap,,,09/09/2026 05:34
7fd237a0-4854-4cfb-98af-99832dc68669,experient.salon,available,19.99,83.99,medium,low,9,name.com,,,17/08/2026 18:12
04860359-d9fd-4774-9e56-5bfbb21c32f6,heuristics.salon,available,45.74,45.74,medium,low,10,spaceship,,,02/10/2026 02:40
05deed31-0b20-4a7d-84fc-0808143eb7b5,periodically.salon,available,57.99,57.99,medium,low,12,namesilo,,,30/09/2026 14:44
251167df-7cb0-4926-95c4-417936369d07,zoning.salon,available,57.99,57.99,high,low,6,namesilo,,,01/10/2026 04:08
1e73b9ab-fa7e-4407-90e9-e793f0b98261,flap.salon,available,57.99,57.99,high,low,4,namesilo,,,24/09/2026 23:15
dc51a29a-6081-4284-9173-182cde073c8a,aston.salon,available,57.99,57.99,high,low,5,namesilo,,,28/09/2026 07:29
ad292b19-c02e-4ba6-8b04-62aa3fdf0adf,unreached.salon,available,55.98,69.98,medium,low,9,namecheap,,,04/09/2026 18:48
95ab6bd7-d5fa-4664-9d64-3fa0268ba00d,pendulum.salon,available,57.99,57.99,high,low,8,namesilo,,,01/10/2026 03:17
c33c2cf7-1613-465b-bce1-e787c7e12aed,weepy.salon,available,55.98,69.98,medium,low,5,namecheap,,,13/09/2026 10:06
66b9bf4f-ed9b-455e-8189-119f862eef88,harry.salon,available,44.2,44.2,high,low,5,cloudflare,,,29/09/2026 07:09
07816a67-27cd-4346-a951-4305b18712cb,knit.salon,available,10.81,45.83,high,low,4,porkbun,,,30/09/2026 02:06
7cefb2f8-0fa7-4f23-82b7-9090cb037d81,barycenter.salon,available,57.99,57.99,medium,low,10,namesilo,,,22/09/2026 09:39
c3c10fa3-1c3e-4c39-838a-d8a8c9dea2cf,theoretically.salon,available,45.74,45.74,low,low,13,spaceship,,,28/09/2026 17:35
9178a609-7abc-41c8-92ec-f198ffce39f0,fulgurous.salon,available,19.99,83.99,medium,low,9,name.com,,,13/08/2026 19:01
d25721b1-ee5f-45c8-b9d3-a7cb0229b02e,village.salon,available,57.99,57.99,high,low,7,namesilo,,,25/09/2026 06:43
c73556bd-f94e-42ff-b2e1-d660f98766aa,bypast.salon,available,19.99,83.99,medium,low,6,name.com,,,11/08/2026 12:08
fa714322-4534-451c-880b-28ce311472db,astatine.salon,available,55.98,69.98,medium,low,8,namecheap,,,20/09/2026 16:55
7198bfc3-666f-4e5a-864c-425b6348c673,sinless.salon,available,19.99,83.99,medium,low,7,name.com,,,21/08/2026 21:57
67ccd9ee-3d68-48a7-9b8c-62509c5f93af,exotic.salon,available,19.99,83.99,high,low,6,name.com,,,17/08/2026 17:49
f212b72b-066f-4010-bc56-c4809efdee6f,hymns.salon,available,57.99,57.99,medium,low,5,namesilo,,,30/09/2026 15:32
3299e32f-dd72-4408-94bf-7c42c68f7ec5,nafud.salon,available,57.99,57.99,medium,low,5,namesilo,,,19/09/2026 00:44
54a15212-2ea3-429f-b6b6-4501140c2c42,confessed.salon,available,57.99,57.99,medium,low,9,namesilo,,,28/09/2026 04:56
4de19891-885a-4a63-89c7-44297885f453,deteriorate.salon,available,45.74,45.74,medium,low,11,spaceship,,,01/10/2026 22:25
6b2f8004-a07d-40c5-930c-b3947f86f8b9,doggo.salon,available,55.98,69.98,high,low,5,namecheap,,,14/09/2026 13:35
e084e4c6-3fba-468e-a0ef-56711291db7a,diderot.salon,available,57.99,57.99,high,low,7,namesilo,,,01/10/2026 01:42
a212b366-c20e-46d5-9515-585380817e75,streetcleaner.salon,available,14.99,,low,low,14,name.com,,,
56fab5cd-0602-4692-a2ff-8ebb436f6334,colossus.salon,available,57.99,57.99,high,low,8,namesilo,,,23/09/2026 03:27
a9661c55-2984-453c-975f-754d7aa5758a,hung.salon,available,57.99,57.99,medium,low,4,namesilo,,,27/09/2026 08:46
293ce233-a6a6-40bc-b948-6bd141a88d8e,punishing.salon,available,19.99,83.99,high,low,9,name.com,,,06/08/2026 17:10
6681638b-46af-4daf-b605-fa5802995280,cohn.salon,available,97.99,97.99,medium,low,4,godaddy,,,28/09/2026 01:41
923eb3ad-25ed-4340-8a55-d897b74bb3d5,neckless.salon,available,55.98,69.98,medium,low,8,namecheap,,,03/09/2026 14:41
4d989393-315c-4edf-a220-d2f4249b330d,amazona.salon,available,57.99,57.99,medium,low,7,namesilo,,,18/09/2026 16:23
ee4364d0-3276-415f-9984-9c71809dcef1,kwame.salon,available,45.74,45.74,medium,low,5,spaceship,,,01/10/2026 23:56
bc79c004-ecd1-4b77-af49-1b5f6fa297ab,curses.salon,available,10.81,45.83,medium,low,6,porkbun,,,01/10/2026 22:40
ce13ea36-0438-45d4-8632-1564c2f82e65,complaints.salon,available,57.99,57.99,medium,low,10,namesilo,,,18/09/2026 03:41
6361fc77-09d0-4293-9cd0-866a7b123f6f,unmeasured.salon,available,19.99,83.99,medium,low,10,name.com,,,21/08/2026 20:53
bb9f0bfc-143a-4b30-a3cf-9e3116695668,shocking.salon,available,55.98,69.98,medium,low,8,namecheap,,,24/09/2026 11:12
5ab43f29-bac6-47cd-b5cb-b4ce909cd66e,combine.salon,available,57.99,57.99,medium,low,7,namesilo,,,28/09/2026 13:39
f1fa7083-f109-4a75-b98e-bbf723b9829f,inhibitor.salon,available,44.2,44.2,high,low,9,cloudflare,,,29/09/2026 19:19
bb39b2ab-832a-4dcd-8d42-4211c72a0a43,specialized.salon,available,57.99,57.99,high,low,11,namesilo,,,01/10/2026 09:42
0866d6a7-44eb-4d5e-9f78-bc7c5eea6570,occupied.salon,available,19.99,83.99,high,low,8,name.com,,,17/08/2026 07:34
2b657ca9-e763-4b52-826f-6b96b52196dc,dba.salon,available,55.98,69.98,high,low,3,namecheap,,,30/09/2026 01:16
e562df37-b539-4c69-8a64-ad1a0cc0eb88,visualise.salon,available,57.99,57.99,high,low,9,namesilo,,,24/09/2026 16:40
84b83325-19dc-40f5-b835-dea1407dca92,autogenous.salon,available,19.99,83.99,medium,low,10,name.com,,,07/08/2026 20:16
a7e1dd1d-0c63-4741-95ce-51d93d26f51f,ordinary.salon,available,55.98,69.98,high,low,8,namecheap,,,26/09/2026 00:20
09c2d23f-9779-4d1a-b86b-07ca92a513fe,adriana.salon,available,45.74,45.74,high,low,7,spaceship,,,30/09/2026 13:18
d92fa6a7-52ed-4942-9c80-4e052bffb5e7,michael.salon,available,57.99,57.99,high,medium,7,namesilo,,,25/09/2026 09:21
5676284c-b504-4cd7-802e-0486e82b4528,nibbed.salon,available,55.98,69.98,low,low,6,namecheap,,,03/09/2026 16:57
01df43ac-5b53-4287-b510-e5d0d01fddab,arginine.salon,available,57.99,57.99,medium,low,8,namesilo,,,20/09/2026 04:24
eb2e1835-1279-4e25-b369-121549f33e2f,scandalous.salon,available,19.99,83.99,medium,low,10,name.com,,,14/08/2026 10:26
559dc7f2-fcfd-48e0-866d-80fed6c4f6f7,aristocrats.salon,available,55.98,69.98,medium,low,11,namecheap,,,30/09/2026 15:48
e74cf194-42c4-44ef-a9cc-551548fae5f5,merry.salon,available,19.99,83.99,high,low,5,name.com,,,11/08/2026 04:28
2f957fe5-95f1-4b11-b9c6-920e716cf2b0,arch.salon,available,55.98,69.98,high,medium,4,namecheap,,,22/09/2026 07:38
4bd61452-304c-432f-be98-732801fd0ce3,walkaway.salon,available,55.98,69.98,medium,low,8,namecheap,,,09/09/2026 19:32
a86a71fe-79d1-4bf4-a657-4e88ac5e3c07,lonely.salon,available,44.2,44.2,high,low,6,cloudflare,,,28/09/2026 09:45
15e0c324-57ef-492b-ad36-df83cddc1ba4,storied.salon,available,19.99,83.99,medium,low,7,name.com,,,21/08/2026 09:55
a43a6659-cd3a-4abb-9d98-fe87be7a3adb,nwa.salon,available,57.99,57.99,high,low,3,namesilo,,,30/09/2026 04:42
10eb7d6d-1ea1-444f-bfe2-b88da1a7783e,verbosely.salon,available,55.98,69.98,medium,low,9,namecheap,,,15/09/2026 12:43
6531ca1f-510d-45de-ba58-1f5b6e265b93,moldovan.salon,available,19.99,83.99,high,low,8,name.com,,,25/08/2026 03:50
d33cf965-3f2e-4da9-827e-c8bd46c85204,nickname.salon,available,57.99,57.99,high,low,8,namesilo,,,24/09/2026 11:25
269ef566-9f3b-413e-a626-aeb59504ec29,scholar.salon,available,57.99,57.99,high,low,7,namesilo,,,20/09/2026 16:28
259dad98-7da5-4e6e-ae4e-99669304db5b,vowels.salon,available,57.99,57.99,medium,low,6,namesilo,,,20/09/2026 00:07
19ad9dc1-0911-473f-9875-e52217c9c31f,trillion.salon,available,19.99,83.99,high,low,8,name.com,,,11/09/2026 19:49
486838b2-9a2e-48f5-a6d1-6e9bda07f9a1,occupy.salon,available,57.99,57.99,high,low,6,namesilo,,,23/09/2026 12:12
4534856f-0717-4d0d-9d6e-f928a48dcfd3,actuated.salon,available,19.99,83.99,medium,low,8,name.com,,,
ab214c34-0c6e-4ef6-b330-eb54043a5a07,evelyn.salon,available,55.98,69.98,high,low,6,namecheap,,,25/09/2026 14:39
9703c3e1-4f56-4888-8c67-2c614113ab51,fainted.salon,available,10.92,47.3,low,low,7,dynadot,,,02/10/2026 03:03
1ded757a-1fcf-4546-a273-1e3f63fae956,ape.salon,available,19.99,83.99,high,low,3,name.com,,,
612efad0-c927-4920-ac4e-dc3aadc20616,acquirable.salon,available,19.99,83.99,medium,low,10,name.com,,,
bbed7147-6a96-4b3c-9ec9-5d8fdbe37247,aril.salon,available,57.99,57.99,medium,low,4,namesilo,,,20/09/2026 05:30
7d9c667a-fa3c-4f28-bf27-d4a80fc58ca7,locate.salon,available,19.99,83.99,high,low,6,name.com,,,27/09/2026 05:21
ef32da3b-2d07-44af-be2a-0e224ae1fb5b,windflower.salon,available,57.99,57.99,high,low,10,namesilo,,,19/09/2026 05:19
b9174efa-49f0-4d3f-960c-c41a5d07224a,negatively.salon,available,55.98,69.98,medium,low,10,namecheap,,,15/09/2026 16:24
187c91da-7c96-41a6-830e-704d2c7360b9,countywide.salon,available,19.99,83.99,high,low,10,name.com,,,13/08/2026 03:48
005140e5-e70d-44b7-bc6a-59788d19b634,fina.salon,available,44.2,44.2,high,low,4,cloudflare,,,29/09/2026 14:46
535e56a6-31d3-4e8a-9f13-a14e4a3771f0,trades.salon,available,57.99,57.99,high,low,6,namesilo,,,30/09/2026 13:41
b6e53744-2821-4f6c-91fa-a76623e94c56,macaronic.salon,available,19.99,83.99,medium,low,9,name.com,,,24/08/2026 12:44
f295903d-d917-4fda-9ba6-ade4849f3478,ataraxis.salon,available,57.99,57.99,high,low,8,namesilo,,,20/09/2026 19:42
90cbcddd-c9e6-49a2-9b4f-06a89e197502,airway.salon,available,57.99,57.99,high,low,6,namesilo,,,17/09/2026 22:13
8dadf2fd-2681-4f79-91ad-666d7b6db6b0,motel.salon,available,57.99,57.99,high,low,5,namesilo,,,25/09/2026 09:27
04904880-d87e-4581-8fb6-561eb83d9563,sunless.salon,available,19.99,83.99,medium,low,7,name.com,,,12/08/2026 12:31
fa02a4bd-ccf0-4a59-8527-370adf1eaf80,modify.salon,available,45.74,45.74,high,low,6,spaceship,,,29/09/2026 06:19
0d4bb598-da8a-4766-8d10-d421a2c3005b,arb.salon,available,57.99,57.99,high,low,3,namesilo,,,20/09/2026 00:31
019eb7cb-1c23-48f6-81ee-aeada4d4785b,dreamed.salon,available,10.81,45.83,medium,low,7,porkbun,,,27/09/2026 21:44
1f60af27-1e73-4bd7-b832-141ed50b342f,estates.salon,available,57.99,57.99,medium,low,7,namesilo,,,18/09/2026 06:36
a013abc6-e960-47b4-ad3f-5817f2d2b496,anorak.salon,available,57.99,57.99,medium,low,6,namesilo,,,19/09/2026 11:41
3c9a2fa9-2ad6-4d44-8811-cef87cba5f16,aneroid.salon,available,19.99,83.99,medium,low,7,name.com,,,
7596af6b-6279-4dde-ace2-c350d63814e6,move.salon,available,57.99,57.99,high,medium,4,namesilo,,,24/09/2026 22:31
32bf7d97-7c22-4691-aed8-b08da799cb9e,abundance.salon,available,55.98,69.98,high,low,9,namecheap,,,16/09/2026 19:01
da603028-2072-4ad6-8ee3-88be152db42a,scandals.salon,available,10.92,47.3,medium,low,8,dynadot,,,02/10/2026 02:46
37bad383-1e26-4212-b6a1-2b02ba99af12,pawn.salon,available,57.99,57.99,high,low,4,namesilo,,,28/09/2026 18:36
84537087-7950-4e0f-84a4-98a8177c7c2d,delivery.salon,available,57.99,57.99,high,low,8,namesilo,,,29/09/2026 04:21
9afb4b53-b26d-45cf-a33b-f5b3713126d3,noble.salon,available,19.99,83.99,high,low,5,name.com,,,08/08/2026 20:18
3c43abea-a424-4b94-bde4-ac95c27e05e5,obscenity.salon,available,57.99,57.99,medium,low,9,namesilo,,,22/09/2026 16:47
adff9702-1364-4614-a1e8-85a1c8c4d8f8,metamorphism.salon,available,57.99,57.99,medium,low,12,namesilo,,,30/09/2026 23:25
72749dc5-d0cc-4024-ab64-d01e90af8773,advertent.salon,available,19.99,83.99,medium,low,9,name.com,,,
a2d694a2-0911-45d6-98d8-a5fcf6f959fa,chary.salon,available,19.99,83.99,medium,low,5,name.com,,,12/08/2026 02:59
af3fc604-28fd-4721-a605-28e1351694b0,disguise.salon,available,57.99,57.99,high,low,8,namesilo,,,29/09/2026 06:07
3ec43635-e56c-4f1a-974a-0026085cf250,minerals.salon,available,45.74,45.74,high,low,8,spaceship,,,30/09/2026 06:24
b49618c2-e917-4965-b55d-91a6c39a9280,dopy.salon,available,19.99,83.99,low,low,4,name.com,,,14/08/2026 16:02
01e94408-662d-45c2-9355-7d7905b4b3cc,gibbous.salon,available,19.99,83.99,medium,low,7,name.com,,,13/08/2026 07:44
3c902ac8-0677-4434-9444-6849c425ccfb,riddle.salon,available,19.99,83.99,high,low,6,name.com,,,24/09/2026 08:02
72839289-cd39-4874-a66c-f259b394e98a,attar.salon,available,55.98,69.98,medium,low,5,namecheap,,,20/09/2026 19:21
b04fc935-0def-48a1-8507-84d7f85d65c4,willie.salon,available,19.99,83.99,medium,low,6,name.com,,,25/09/2026 11:47
99a6a767-7ab4-4155-8475-b18a65361d22,dagger.salon,available,55.98,69.98,high,low,6,namecheap,,,24/09/2026 20:52
f3756372-be91-4343-8a2d-0fe549b27091,midmost.salon,available,19.99,83.99,medium,low,7,name.com,,,24/08/2026 22:29
4ae0e148-e213-4bb0-a78d-f5e2fbdd3b48,aphonic.salon,available,19.99,83.99,medium,low,7,name.com,,,05/08/2026 23:17
ec295618-b81d-4ae6-b3a2-3c704f2d0130,blabber.salon,available,57.99,57.99,medium,low,7,namesilo,,,23/09/2026 11:33
9ad080fd-7e25-49c4-972c-f644fb4b5d9d,wads.salon,available,55.98,69.98,high,low,4,namecheap,,,14/09/2026 23:30
195c4b3d-977a-4c60-840d-d67f2c52b332,arrows.salon,available,57.99,57.99,medium,low,6,namesilo,,,17/09/2026 06:24
63281371-1cb1-4a02-baef-10b67bf8e282,dosed.salon,available,19.99,83.99,medium,low,5,name.com,,,14/08/2026 16:24
b21b9a23-1d62-4644-aaf7-2fd43e0a4d4d,garbled.salon,available,19.99,83.99,medium,low,7,name.com,,,14/08/2026 11:20
e9e9843e-7879-4466-93cc-b9cb54d3dd3f,floater.salon,available,55.98,69.98,medium,low,7,namecheap,,,13/09/2026 00:52
7c1fafb7-6110-42c1-ac5b-c90ec602839f,connective.salon,available,19.99,83.99,high,low,10,name.com,,,12/08/2026 22:16
24bc16e1-c7c3-436d-8da5-ab8f16855d9a,faithless.salon,available,19.99,83.99,medium,low,9,name.com,,,17/08/2026 21:14
c2cb9613-68b6-4dff-96b7-7d2e2f37d889,authoring.salon,available,10.92,47.3,high,low,9,dynadot,,,30/09/2026 11:46
8e6c7437-0d8d-4943-b892-aa6fe561a309,cemeteries.salon,available,55.98,69.98,medium,low,10,namecheap,,,30/09/2026 14:40
92e946d4-9690-4b2d-acde-aa4fe1069398,bethany.salon,available,44.2,44.2,medium,low,7,cloudflare,,,28/09/2026 07:45
12fe0905-36bb-4e3c-872e-0c0f2c7d04cc,interrupt.salon,available,19.99,83.99,high,low,9,name.com,,,13/08/2026 12:38
0c7f0ddb-8108-4de7-bd6e-5c036e347664,vibration.salon,available,57.99,57.99,high,low,9,namesilo,,,19/09/2026 17:28
2e96215d-8fab-4ab2-acd6-f6a1b8ee2889,roofs.salon,available,14.99,,medium,low,5,name.com,,,
2c4b945d-c58e-4bad-ae24-e5375c9b0000,cloak.salon,available,57.99,57.99,high,medium,5,namesilo,,,24/09/2026 15:49
a1532ead-c992-409a-ae17-919f700c9dc1,serie.salon,available,45.74,45.74,medium,low,5,spaceship,,,28/09/2026 15:54
7d3f0991-760e-40b0-9f00-a8430c008e80,reanimated.salon,available,55.98,69.98,medium,low,10,namecheap,,,09/09/2026 10:58
4806a695-47f7-4bfa-be54-e3361adefe23,planck.salon,available,55.98,69.98,high,low,6,namecheap,,,28/09/2026 02:23
96934efa-c5d4-499a-bfbf-4fe7ecfbc3a0,johnstown.salon,available,57.99,57.99,medium,low,9,namesilo,,,28/09/2026 22:27
a234dc5f-a24c-4f84-aa24-3f971d29e643,lucrative.salon,available,57.99,57.99,high,low,9,namesilo,,,25/09/2026 15:34
e0366ff0-e614-4c06-a176-ac8b55584adb,soused.salon,available,19.99,83.99,low,low,6,name.com,,,09/08/2026 16:07
2b5eb1ae-5ee4-45ad-b621-92643bad4ad7,exposing.salon,available,44.2,44.2,medium,low,8,cloudflare,,,29/09/2026 10:25
38eec92a-7372-4e80-b16e-2272aafc1f36,upbringing.salon,available,45.74,45.74,high,low,10,spaceship,,,29/09/2026 18:06
2663db0b-9e56-4e81-82d2-ba06f86e43fb,barterer.salon,available,19.99,83.99,medium,low,8,name.com,,,22/09/2026 08:58
eeac25f2-bdf7-4410-a6c6-6ac060c6b07a,charitable.salon,available,19.99,83.99,high,low,10,name.com,,,12/08/2026 02:34
c54d5e0a-a636-44d7-b896-dee64bbfe7b5,illegible.salon,available,19.99,83.99,medium,low,9,name.com,,,21/08/2026 19:48
ce031972-7542-4c90-92d2-2e4d2bd57e68,neal.salon,available,45.74,45.74,medium,low,4,spaceship,,,28/09/2026 16:08
0838444a-5655-4154-928e-7edff87285f2,vend.salon,available,57.99,57.99,high,low,4,namesilo,,,30/09/2026 02:34
f28dc929-9a4f-4c89-aebe-eb18e7e04299,eighties.salon,available,55.98,69.98,high,low,8,namecheap,,,16/09/2026 12:00
3ab6f83c-22f6-4dc5-bd1c-016e9081b5a5,brook.salon,available,57.99,57.99,high,low,5,namesilo,,,29/09/2026 04:32
39ac3366-3862-4615-a803-6f0fdcd4ff35,preserve.salon,available,57.99,57.99,high,low,8,namesilo,,,24/09/2026 17:28
c6731a11-c387-4dbb-a022-b80c34fda5df,knocks.salon,available,55.98,69.98,medium,low,6,namecheap,,,20/09/2026 13:49
beb172eb-ec88-40e7-a91b-917577840d3b,fugo.salon,available,57.99,57.99,medium,low,4,namesilo,,,21/09/2026 23:09
fe2d94df-1d79-47dc-9e23-b3f369d67836,ginsberg.salon,available,57.99,57.99,medium,low,8,namesilo,,,18/09/2026 10:49
847abcdd-3816-4882-8bae-bf89fdadcdd4,betoken.salon,available,57.99,57.99,medium,low,7,namesilo,,,21/09/2026 03:31
05c4ffae-b7c4-4d11-ab27-1284ea01683e,kolkata.salon,available,10.92,47.3,medium,low,7,dynadot,,,01/10/2026 01:15
a9afaa53-d948-4b24-b8d4-b28747200c53,blindly.salon,available,55.98,69.98,medium,low,7,namecheap,,,14/09/2026 00:21
8b20204e-cf85-46b9-98de-248128bbe515,deciduous.salon,available,19.99,83.99,medium,low,9,name.com,,,13/08/2026 21:26
6a457968-f92f-4830-99b7-51e3b4cff1ac,aitken.salon,available,45.74,45.74,medium,low,6,spaceship,,,29/09/2026 10:35
d06737ee-027b-4736-956b-d2bb89dcf1f7,rabbinic.salon,available,55.98,69.98,medium,low,8,namecheap,,,09/09/2026 09:14
0171071f-a02d-4347-99b2-ec74c3f29c9d,reality.salon,available,57.99,57.99,high,low,7,namesilo,,,26/09/2026 00:09
387607b9-9adb-4ca8-865d-9387836c7b1b,caesium.salon,available,57.99,57.99,medium,low,7,namesilo,,,20/09/2026 23:16
5504d3b4-a2b1-4307-a349-d08a94e4f002,increases.salon,available,45.74,45.74,medium,low,9,spaceship,,,29/09/2026 10:46
a17ad04f-e374-4c70-8d0f-dc6fa787f619,metabolous.salon,available,19.99,83.99,medium,low,10,name.com,,,24/08/2026 21:28
33a47a68-15f9-4032-b564-b0bf545397ac,source.salon,available,57.99,57.99,high,medium,6,namesilo,,,25/09/2026 22:58
d9ac9e11-4c26-4eea-8dc5-e18f62354078,valves.salon,available,57.99,57.99,medium,low,6,namesilo,,,29/09/2026 23:44
d73caad7-fbbe-4bde-b2cf-33d1c97ca617,provable.salon,available,55.98,69.98,high,low,8,namecheap,,,09/09/2026 04:24
8e111cb2-2a8c-4e5a-90b7-392dcd2852e1,fagot.salon,available,55.98,69.98,medium,low,5,namecheap,,,09/09/2026 07:59
aa37ab6f-1a38-4685-8a27-1b180db1b273,assignable.salon,available,19.99,83.99,medium,low,10,name.com,,,07/08/2026 06:19
c4727a11-f034-4c5c-843b-abd55f29b7f3,garrison.salon,available,45.74,45.74,high,low,8,spaceship,,,30/09/2026 09:43
fc133bcd-9d84-4b6e-9e8e-7f0080c8016b,became.salon,available,14.99,,medium,low,6,name.com,,,
b92ae49c-ea7e-476e-b6c1-a88c6d56cbd0,suggestion.salon,available,55.98,69.98,high,low,10,namecheap,,,25/09/2026 07:41
4bbc1888-74cf-4feb-b1a3-a2e8b11e2b63,holdup.salon,available,57.99,57.99,medium,low,6,namesilo,,,20/09/2026 06:37
a3fddc4b-34c2-458c-9732-96374e7b9a56,alpinist.salon,available,55.98,69.98,medium,low,8,namecheap,,,18/09/2026 14:06
162fa719-caf2-4110-b3ba-d7ca56d83312,tamil.salon,available,55.98,69.98,high,low,5,namecheap,,,11/09/2026 07:48
37d57d3b-4dfc-481f-8606-8a92c7e48426,iliac.salon,available,19.99,83.99,medium,low,5,name.com,,,21/08/2026 18:45
424a537f-50a2-4cd4-979b-6e551f87d3b1,describe.salon,available,57.99,57.99,high,low,8,namesilo,,,25/09/2026 12:37
b572404a-7900-413d-b3d1-c00b7773aab1,columnist.salon,available,10.81,45.83,high,low,9,porkbun,,,29/09/2026 11:55
1ac510d8-4983-4749-9df4-8d4e0ad66254,release.salon,available,55.98,69.98,high,low,7,namecheap,,,24/09/2026 21:38
55dd8c9e-8f81-420b-a2bf-268030d66bdc,pin.salon,available,44.2,44.2,high,low,3,cloudflare,,,29/09/2026 03:45
5018a5ad-0f18-4699-9886-3d4a662e8eba,mandelbrot.salon,available,55.98,69.98,medium,low,10,namecheap,,,23/09/2026 08:35
84952f8c-bf8c-48e7-9965-14f07bcf7238,sgt.salon,available,57.99,57.99,high,low,3,namesilo,,,27/09/2026 06:19
e0a1019d-b226-46c5-ac38-8a1ccbb81b15,cive.salon,available,57.99,57.99,medium,low,4,namesilo,,,18/09/2026 11:31
418a210e-2e00-4495-a991-f3b320cd02b9,lace.salon,available,45.74,45.74,high,low,4,spaceship,,,29/09/2026 03:54
c663e52f-de10-4e8b-9d10-156c5c6277b0,ephesian.salon,available,19.99,83.99,medium,low,8,name.com,,,17/08/2026 10:24
48285c96-247c-4035-b702-2bcc9d6aa1c8,anticipating.salon,available,45.74,45.74,medium,low,12,spaceship,,,02/10/2026 02:52
831e50e6-3908-432b-a573-75156b280c15,whispering.salon,available,55.98,69.98,high,low,10,namecheap,,,03/09/2026 11:10
99c97ff0-400e-4e7a-bf60-eda9a97d2bfe,ballroom.salon,available,57.99,57.99,high,low,8,namesilo,,,29/09/2026 00:49
1facbb02-f021-4962-a9a0-a654a10de6b0,carnegie.salon,available,55.98,69.98,high,low,8,namecheap,,,19/09/2026 04:42
7b572882-2415-4a33-b270-cd6308d2f3c2,crisis.salon,available,55.98,69.98,high,low,6,namecheap,,,24/09/2026 19:30
b684ea9b-7648-43e9-9606-2404cb294cef,otto.salon,available,44.2,44.2,high,medium,4,cloudflare,,,28/09/2026 04:33
722e03fa-5b16-4433-a871-577e7a921729,fcc.salon,available,57.99,57.99,high,low,3,namesilo,,,25/09/2026 05:53
6451cd8b-9176-4e63-81ca-2609a29802c2,hexad.salon,available,19.99,83.99,medium,low,5,name.com,,,
25e02927-bfdd-49de-815f-ff6c8b567bcf,apse.salon,available,57.99,57.99,high,low,4,namesilo,,,19/09/2026 22:33
ef96f91a-3602-4587-b1d8-b73a69c14fad,aware.salon,available,55.98,69.98,high,low,5,namecheap,,,25/09/2026 20:16
190d2347-2ae1-4c65-ae49-ad699962beb1,cour.salon,available,57.99,57.99,high,low,4,namesilo,,,30/09/2026 12:14
831259b7-3b57-4030-93c2-e04fc6af6d34,perseverance.salon,available,10.92,47.3,high,low,12,dynadot,,,02/10/2026 01:31
5437a76a-cd6e-44f8-bd6a-6e42d652a7b9,drag.salon,available,57.99,57.99,high,low,4,namesilo,,,25/09/2026 22:05
e241bb9e-415f-4bd2-b799-67837db8b3c2,zooming.salon,available,10.81,45.83,high,low,7,porkbun,,,01/10/2026 17:57
a9eeee57-e411-41d3-8ac6-fed3f36c9227,agronomic.salon,available,19.99,83.99,medium,low,9,name.com,,,
7ae0e482-90fa-4633-8ed9-d837d3d55995,ants.salon,available,57.99,57.99,medium,low,4,namesilo,,,28/09/2026 00:08
ece9d8b6-e971-4cd1-adc2-6f2a3e6821b3,despise.salon,available,55.98,69.98,high,low,7,namecheap,,,29/09/2026 15:39
b7da927a-82d0-45d9-9755-717e0bf74e34,saleh.salon,available,45.74,45.74,high,low,5,spaceship,,,29/09/2026 22:35
389c4954-c1e9-47b9-af66-9741181a17f5,mockingly.salon,available,55.98,69.98,medium,low,9,namecheap,,,14/09/2026 12:02
0949689d-580b-4235-bd35-ae0aba11e946,markoff.salon,available,57.99,57.99,medium,low,7,namesilo,,,19/09/2026 04:18
b729e95b-a227-4e2f-9f33-db06a7235efe,rgb.salon,available,14.99,,high,low,3,name.com,,,
35059bcd-6792-4b39-8f34-c2c984fd103d,chap.salon,available,57.99,57.99,medium,low,4,namesilo,,,24/09/2026 06:13
3e34c4fe-1a0d-44e2-b2aa-848b3347346b,grease.salon,available,57.99,57.99,high,low,6,namesilo,,,28/09/2026 14:21
f4061fbf-44dd-4160-8420-f313257d078a,select.salon,available,57.99,57.99,high,medium,6,namesilo,,,22/09/2026 23:07
34d94a1b-838b-4559-8a44-54ac21b5ddb4,nuprin.salon,available,57.99,57.99,medium,low,6,namesilo,,,17/09/2026 11:20
bd7228a4-28f0-4c42-b338-eeffa130cbc5,ukrainian.salon,available,55.98,69.98,high,low,9,namecheap,,,11/09/2026 22:41
3304c34a-f151-436d-9162-c95984a3dd4f,liturgical.salon,available,19.99,83.99,medium,low,10,name.com,,,24/08/2026 07:40
889cf27f-8055-41c8-8ecc-a44f3273dc5e,atonality.salon,available,57.99,57.99,medium,low,9,namesilo,,,21/09/2026 00:25
d08ce6d8-8d2e-4340-b400-91c752176e72,rebound.salon,available,57.99,57.99,high,low,7,namesilo,,,21/09/2026 15:40
7e1abb65-c5c5-4876-b6dd-8fb283be14a2,murmuring.salon,available,55.98,69.98,high,low,9,namecheap,,,03/09/2026 11:06
2217cf6c-7c1e-4c53-b8be-02c1aaf46f88,cappuccino.salon,available,44.2,44.2,high,low,10,cloudflare,,,29/09/2026 07:24
f43aea85-b6dd-480a-82eb-5499861d8e54,protestant.salon,available,55.98,69.98,high,low,10,namecheap,,,09/09/2026 04:08
a2238be6-8339-496a-869d-16848ca3d8b6,infuriated.salon,available,19.99,83.99,medium,low,10,name.com,,,
d675b181-9dc2-4453-bc5a-27dd7988a199,cambodian.salon,available,19.99,83.99,high,low,9,name.com,,,11/08/2026 15:40
ca8635f6-0410-47a1-ba27-29c26e0ba2aa,abducent.salon,available,19.99,83.99,medium,low,8,name.com,,,
0a4262de-61eb-486b-9792-cd86be09a157,franklin.salon,available,57.99,57.99,high,low,8,namesilo,,,23/09/2026 08:17
0d1f2b00-17c0-4aaf-bbfd-dbdd2c6d632b,ironically.salon,available,55.98,69.98,medium,low,10,namecheap,,,15/09/2026 09:24
81f61182-f4b4-44ce-a6bb-9891179b9cc4,afterglow.salon,available,57.99,57.99,high,low,9,namesilo,,,17/09/2026 15:42
d2e0f5c4-baf5-4a82-81eb-a978ad652d2b,barkley.salon,available,57.99,57.99,high,low,7,namesilo,,,18/09/2026 02:32
9b831e82-5e9c-4ce4-83a9-a9f989826eea,interviewee.salon,available,45.74,45.74,medium,low,11,spaceship,,,01/10/2026 06:07
d6a9598a-7f3a-459f-ac8a-c7d808b49cdf,wounds.salon,available,55.98,69.98,low,low,6,namecheap,,,25/09/2026 19:23
dd8a6fcb-f0c7-422c-8307-afd73749866b,baldhead.salon,available,57.99,57.99,medium,low,8,namesilo,,,21/09/2026 21:41
0f1f74bc-44c5-4b90-a510-3986ea199fad,naca.salon,available,45.74,45.74,medium,low,4,spaceship,,,30/09/2026 13:26
4014c874-b527-4f86-8e00-cb6811458405,arrested.salon,available,55.98,69.98,medium,low,8,namecheap,,,17/09/2026 20:22
0f58f860-d79d-4606-b399-155afd44c749,polyester.salon,available,57.99,57.99,high,low,9,namesilo,,,30/09/2026 07:07
503a1906-fcfa-4a23-af67-e5aa6249e762,persecuted.salon,available,45.74,45.74,low,low,10,spaceship,,,30/09/2026 06:36
a5758afb-dcd1-4bf1-aa46-a8cf8d8f475e,singh.salon,available,57.99,57.99,high,low,5,namesilo,,,29/09/2026 14:38
1446c6b4-9d59-4dc1-bf50-249ccb6a681b,gaslit.salon,available,57.99,57.99,medium,low,6,namesilo,,,17/09/2026 16:25
a9aeac0e-adff-452a-8337-6ec0dee06947,awards.salon,available,45.74,45.74,medium,low,6,spaceship,,,28/09/2026 08:41
ab5d443a-cdb8-4782-a2e6-8b97214675e2,strabismus.salon,available,55.98,69.98,medium,low,10,namecheap,,,10/09/2026 17:49
e3341da2-ac49-4fa2-9881-9b251a858624,sewer.salon,available,57.99,57.99,high,low,5,namesilo,,,28/09/2026 15:19
1b8ba4f4-0741-4cee-b3a5-8e81f4312279,ripened.salon,available,55.98,69.98,medium,low,7,namecheap,,,09/09/2026 17:55
3395f3f8-edd0-4860-97b5-1cefa546d958,papillary.salon,available,55.98,69.98,medium,low,9,namecheap,,,05/09/2026 01:21
edc9b161-cb76-4984-aa2a-efc754374466,cui.salon,available,57.99,57.99,high,low,3,namesilo,,,29/09/2026 15:08
e47d7b3a-83c3-451c-8788-5c72c01eaa85,patriotism.salon,available,57.99,57.99,high,low,10,namesilo,,,30/09/2026 05:24
de28939f-2440-494b-9f24-1efa10479201,cloudless.salon,available,19.99,83.99,high,low,9,name.com,,,12/08/2026 12:32
845c23f2-a18f-4fe6-aba3-92ca2c7273a8,accordance.salon,available,57.99,57.99,high,low,10,namesilo,,,16/09/2026 23:00
b10fa2ca-6bba-405f-99be-66ab715b99ee,appetite.salon,available,55.98,69.98,high,low,8,namecheap,,,19/09/2026 20:41
51080476-3c55-403e-99a9-a57c5bf63f39,acme.salon,available,19.99,83.99,high,medium,4,name.com,,,24/08/2026 20:47
8b78a1e8-08d6-4735-9a40-086bbfb1f6c4,heiress.salon,available,45.74,45.74,high,low,7,spaceship,,,01/10/2026 02:28
dfd56287-93e9-4d77-a39b-ab070a0f4aab,bloody.salon,available,57.99,57.99,high,low,6,namesilo,,,22/09/2026 00:33
4d077849-f6a1-4f09-8f20-8cbb7e27491f,avarice.salon,available,55.98,69.98,medium,low,7,namecheap,,,21/09/2026 08:42
94fb1baf-8102-43af-984d-289420a9faf8,bermudian.salon,available,19.99,83.99,medium,low,9,name.com,,,09/08/2026 15:15
630dd020-bb05-42a9-945d-0e77ddd3687f,pentatonic.salon,available,55.98,69.98,medium,low,10,namecheap,,,08/09/2026 15:05
8ef3838b-29a2-4704-b83c-873c38f34404,defines.salon,available,44.2,44.2,medium,low,7,cloudflare,,,30/09/2026 15:14
7acb452b-64eb-4c1e-81de-1277dc0a3392,enrico.salon,available,57.99,57.99,medium,low,6,namesilo,,,28/09/2026 13:31
4b10a2bf-ad4f-4873-bf4c-fa40b2d3a07e,clastic.salon,available,19.99,83.99,medium,low,7,name.com,,,12/08/2026 09:56
a0fc7cf5-4831-477e-bb9b-417eae1a039d,intrastate.salon,available,19.99,83.99,medium,low,10,name.com,,,22/08/2026 08:45
9c4936c8-3f75-4441-949e-a74e0cfae9fe,mutually.salon,available,55.98,69.98,medium,low,8,namecheap,,,15/09/2026 15:56
535c0129-2add-4306-a87f-fe830f5f0123,furman.salon,available,45.74,45.74,medium,low,6,spaceship,,,29/09/2026 04:35
7d10a0b6-3a0a-4dcf-a3b6-878e20ca9525,ducks.salon,available,57.99,57.99,medium,low,5,namesilo,,,27/09/2026 23:17
3042d2ef-3bfb-4077-955d-8ac382ba8449,companion.salon,available,57.99,57.99,high,low,9,namesilo,,,24/09/2026 16:40
36bf04ae-a62e-4128-a657-ffc08401b449,options.salon,available,55.98,69.98,high,low,7,namecheap,,,19/09/2026 14:29
a8e8032e-d808-48b9-aadc-f92da3888684,snowed.salon,available,57.99,57.99,medium,low,6,namesilo,,,20/09/2026 16:23
9c72f820-3e29-4dff-9458-a43e2527d051,inspectors.salon,available,57.99,57.99,medium,low,10,namesilo,,,01/10/2026 17:30
57f24d1a-cbff-4876-9684-72609dfab941,wheeled.salon,available,55.98,69.98,high,low,7,namecheap,,,13/09/2026 11:20
6056f4f4-f657-4653-a999-148aa04a9e98,sharply.salon,available,45.74,45.74,medium,low,7,spaceship,,,27/09/2026 20:32
3cb16273-ef4c-4b19-95dc-84fb5dd4fce7,jeffreys.salon,available,44.2,44.2,medium,low,8,cloudflare,,,02/10/2026 01:14
fe4fe95f-c412-46f5-baa5-8e80304992bc,footwear.salon,available,57.99,57.99,high,low,8,namesilo,,,01/10/2026 03:31
9ecb8efc-5360-42b6-a30c-a6b2859cc892,clench.salon,available,57.99,57.99,medium,low,6,namesilo,,,24/09/2026 15:33
9353c585-1762-47b2-9a1f-6b9bc16ef7ee,cavan.salon,available,44.2,44.2,medium,low,5,cloudflare,,,30/09/2026 12:17
db729c4c-5212-4d58-8d89-4f8c24c35d0b,platform.salon,available,45.74,45.74,high,medium,8,spaceship,,,01/10/2026 10:49
7aaecade-2f50-4e9a-83e7-3c02413a628e,orchestra.salon,available,44.2,44.2,high,low,9,cloudflare,,,30/09/2026 06:11
49f09bbd-9a19-467d-8da6-0adbfe205551,demographic.salon,available,45.74,45.74,high,low,11,spaceship,,,29/09/2026 14:24
ce57ce77-1ec4-42b0-9f7f-e8261c19a516,potent.salon,available,55.98,69.98,high,low,6,namecheap,,,09/09/2026 00:48
3c0b61da-b57e-4a14-b7ed-972b0a539a39,incubator.salon,available,45.74,45.74,high,low,9,spaceship,,,30/09/2026 08:50
61955844-ce42-4ae3-8ba4-1980013b2517,laboratory.salon,available,45.74,45.74,high,low,10,spaceship,,,30/09/2026 18:22
eb969b07-7a02-4f13-97c8-edd3b95b7f46,corinth.salon,available,45.74,45.74,high,low,7,spaceship,,,30/09/2026 16:47
6e5476ae-2860-43a9-b0b9-fda5591a9cd6,coordinates.salon,available,44.2,44.2,medium,low,11,cloudflare,,,30/09/2026 15:15
70f2b23a-2289-45a7-b377-1185c205e6ed,drawback.salon,available,57.99,57.99,medium,low,8,namesilo,,,24/09/2026 23:54
67a7df71-5a6e-468a-960c-d8916de0d920,flame.salon,available,55.98,69.98,high,low,5,namecheap,,,24/09/2026 19:16
b2db1329-6d3d-4079-90b1-1a2a45368477,karate.salon,available,44.2,44.2,high,low,6,cloudflare,,,28/09/2026 19:36
27585e93-dcbf-4739-ba9a-c1022b62fff4,blowhard.salon,available,19.99,83.99,medium,low,8,name.com,,,11/08/2026 01:19
787f010f-5af7-4445-ab86-7abee62744b8,slice.salon,available,45.74,45.74,high,low,5,spaceship,,,27/09/2026 13:29
c937a9d8-3a8c-45e7-8e15-d996588ddaa7,rome.salon,available,57.99,57.99,high,low,4,namesilo,,,25/09/2026 03:56
58dae15d-bf94-4153-8554-53d64ea5651e,chapped.salon,available,19.99,83.99,medium,low,7,name.com,,,12/08/2026 02:20
53cf29f8-b0ad-4f95-8f75-0e19cff352ce,tectonic.salon,available,19.99,83.99,high,low,8,name.com,,,06/08/2026 15:47
a00301a1-cbbd-40cc-9e7e-d096c78f293d,ecstasy.salon,available,57.99,57.99,high,low,7,namesilo,,,29/09/2026 12:00
98f92609-2660-4cda-9fd8-6c80ce0d2413,batista.salon,available,55.98,69.98,medium,low,7,namecheap,,,29/09/2026 11:07
a4aaa7f3-21e8-4273-a28f-e4b864135809,abstruse.salon,available,19.99,83.99,medium,low,8,name.com,,,
de903cff-6115-4ad7-a9b0-96130c420b75,reacting.salon,available,57.99,57.99,medium,low,8,namesilo,,,30/09/2026 15:00
284d691c-a601-42d6-a32a-27e86b298238,vandalism.salon,available,57.99,57.99,medium,low,9,namesilo,,,29/09/2026 22:58
d7eb1f0b-bf3b-475d-86fc-9546a4e7ff74,dealt.salon,available,45.74,45.74,medium,low,5,spaceship,,,28/09/2026 08:17
9aecfab0-5f19-4eec-a2de-0da82c395e32,catechu.salon,available,55.98,69.98,medium,low,7,namecheap,,,16/09/2026 20:04
397cfd3f-32ca-4ea0-89bc-7c00229b5234,abundantly.salon,available,57.99,57.99,medium,low,10,namesilo,,,28/09/2026 11:40
4b2019e0-9b6c-4f76-b94d-14534f7f1386,tingling.salon,available,55.98,69.98,high,low,8,namecheap,,,11/09/2026 15:29
567cadfb-af09-47fa-bdd7-883c2a1b01be,stinging.salon,available,19.99,83.99,high,low,8,name.com,,,13/08/2026 13:17
bf7ab6dd-8b1a-4dae-b6ea-efe46570c9ca,xxv.salon,available,57.99,57.99,medium,low,3,namesilo,,,21/09/2026 12:45
545c1781-8807-4e79-a4a6-2d170cbfdb66,use.salon,available,57.99,57.99,high,low,3,namesilo,,,29/09/2026 17:38
636c2615-9183-43af-9bea-3cc5878c7aea,mccartney.salon,available,10.81,45.83,medium,low,9,porkbun,,,28/09/2026 06:23
82aa340b-9d36-430c-9f64-6f7c2d7b18ca,bastards.salon,available,44.2,44.2,medium,low,8,cloudflare,,,29/09/2026 11:17
7cbc4182-5eea-41f7-8a4f-5ff53a64b6fb,resistances.salon,available,57.99,57.99,medium,low,11,namesilo,,,01/10/2026 00:39
cfd9e7c2-51f5-4921-95fd-118f06b6af31,install.salon,available,10.92,47.3,high,low,7,dynadot,,,30/09/2026 20:22
e7bcd5b5-6799-4b4f-9cb1-dff18bc08bc6,navarro.salon,available,44.2,44.2,medium,low,7,cloudflare,,,28/09/2026 08:00
6c83df2a-4096-40e0-bf4c-b5d493b0fce1,maidenly.salon,available,19.99,83.99,medium,low,8,name.com,,,24/08/2026 13:14
9bab18e3-9d10-410a-b2ba-20ff6b9dbe78,boat.salon,available,10.92,47.3,high,low,4,dynadot,,,29/09/2026 03:06
d1fde2fb-2525-446f-9bf6-7a8e0c8ae27b,colourise.salon,available,19.99,83.99,medium,low,9,name.com,,,12/08/2026 17:38
c8d5266c-3c65-4443-ae45-38fadfd65bd7,skilled.salon,available,45.74,45.74,high,low,7,spaceship,,,27/09/2026 22:20
34ed2d1d-0b46-432a-97fb-1a5b958f58be,honeymoons.salon,available,57.99,57.99,medium,low,10,namesilo,,,20/09/2026 01:32
0c0130b4-a9b0-40ed-ae75-e5e4f1071df9,achene.salon,available,57.99,57.99,medium,low,6,namesilo,,,17/09/2026 00:28
0a707f39-29d8-4ca5-b3ec-e48dd6354c8d,aroma.salon,available,55.98,69.98,high,low,5,namecheap,,,20/09/2026 08:25
c46fcbf5-26f0-4320-a355-ac7ce3900f81,brooding.salon,available,19.99,83.99,medium,low,8,name.com,,,11/08/2026 05:52
be5bd178-0a8f-462e-b314-a0a127a15a56,temperature.salon,available,14.99,,high,low,11,name.com,,,
91d8a169-7cdb-4a68-b484-de9fcd87aa1f,identify.salon,available,57.99,57.99,high,low,8,namesilo,,,25/09/2026 12:36
9647ef61-4a3c-4bab-b022-03b9fe705c15,saltwater.salon,available,57.99,57.99,high,low,9,namesilo,,,02/10/2026 04:11
689649b7-b185-4018-a56f-91a510f20d06,cubicle.salon,available,45.74,45.74,high,low,7,spaceship,,,02/10/2026 04:18
6c9e3a7b-32f3-4336-a876-58c776d5b30b,cynical.salon,available,19.99,83.99,medium,low,7,name.com,,,13/08/2026 13:59
f60c3c63-fd2c-46cf-a60e-43c6c09a48dd,fabrication.salon,available,44.2,44.2,high,low,11,cloudflare,,,30/09/2026 17:24
43344a29-2588-43db-b2a9-04e6dddbe2e7,languages.salon,available,14.99,83.99,medium,low,9,name.com,,,
84763d44-15d4-48b1-8efe-40d3a0873a7f,auburn.salon,available,57.99,57.99,high,low,6,namesilo,,,22/09/2026 12:02
ede06de6-e568-4383-85b7-62a947dd6390,arioso.salon,available,57.99,57.99,medium,low,6,namesilo,,,20/09/2026 05:35
90865246-25cb-4dbb-b31c-4257e37da3dd,floury.salon,available,19.99,83.99,medium,low,6,name.com,,,18/08/2026 09:00
3ad5b09d-1f84-4415-9dce-2d237f0fab61,nude.salon,available,19.99,83.99,high,low,4,name.com,,,07/08/2026 16:15
f22b9c6e-87e9-4c7d-a46c-0e7f71e29a49,unimagined.salon,available,55.98,69.98,medium,low,10,namecheap,,,12/09/2026 08:26
c5e927b8-39b6-4d07-b3a4-5da1565789d1,rube.salon,available,19.99,83.99,medium,low,4,name.com,,,21/08/2026 08:03
88e450d9-7fe8-45f2-a66d-e707f7022ef8,unstained.salon,available,55.98,69.98,medium,low,9,namecheap,,,10/09/2026 18:17
e25b8a04-272e-4781-89d2-6047bb72ecd2,correspondent.salon,available,55.98,69.98,medium,low,13,namecheap,,,29/09/2026 03:16
122744da-0562-40e9-a15f-0ba71817b20b,outfit.salon,available,57.99,57.99,high,low,6,namesilo,,,27/09/2026 13:44
c32deac6-d696-4f84-a64e-5037b1563d52,noun.salon,available,45.74,45.74,high,low,4,spaceship,,,29/09/2026 19:50
19779508-6bd7-45f9-9612-eeaf6fc881dc,emblem.salon,available,57.99,57.99,high,low,6,namesilo,,,28/09/2026 02:43
70860e53-9654-4178-8c69-5ab6cd4fd007,ivo.salon,available,44.2,44.2,high,low,3,cloudflare,,,30/09/2026 04:54
840b18ed-9312-4055-b40a-33a2530c2ab7,overside.salon,available,55.98,69.98,medium,low,8,namecheap,,,15/09/2026 18:29
1918d78f-b91b-4a33-9337-a16f464c3e85,unco.salon,available,55.98,69.98,medium,low,4,namecheap,,,15/09/2026 23:08
e5302264-f9ba-46ee-8ac2-4a5c6f7fb93f,squealer.salon,available,57.99,57.99,medium,low,8,namesilo,,,23/09/2026 11:32
2d3226fd-899a-45fd-a571-bf5a829754b9,subsurface.salon,available,55.98,69.98,high,low,10,namecheap,,,11/09/2026 00:52
e29bb876-1222-4af4-8c56-eeaa3e39934c,custer.salon,available,45.74,45.74,medium,low,6,spaceship,,,28/09/2026 01:44
fbe5ec59-36e4-4e1d-a503-093ac4b74b13,crucified.salon,available,45.74,45.74,medium,low,9,spaceship,,,30/09/2026 06:13
92f17b9f-75c8-4a5f-bfde-1411cdee7f0e,racine.salon,available,45.74,45.74,high,low,6,spaceship,,,28/09/2026 02:12
120a20dd-597f-414c-ba60-fe3a3b9e272a,vitiate.salon,available,19.99,83.99,medium,low,7,name.com,,,13/08/2026 02:22
72f0e05d-2f3f-4577-ad80-73a7a4199834,furrowed.salon,available,19.99,83.99,medium,low,8,name.com,,,18/08/2026 18:55
69f0eaf3-1b37-4141-8bad-4f47b5a0b278,senile.salon,available,19.99,83.99,medium,low,6,name.com,,,14/08/2026 14:36
7cb70957-1bc7-4e38-9764-a404ac622529,tucked.salon,available,55.98,69.98,high,low,6,namecheap,,,11/09/2026 21:02
8e46c708-f041-4ff1-a6e5-7a2cdf569c35,plz.salon,available,14.99,,high,low,3,name.com,,,
93da4efc-6246-43d6-8da3-403803d696a2,mandy.salon,available,44.2,44.2,medium,low,5,cloudflare,,,28/09/2026 17:34
94e0042a-12ad-434b-8fb8-6284f972a1e9,lingering.salon,available,57.99,57.99,medium,low,9,namesilo,,,30/09/2026 10:28
f913b1cb-52b0-46e5-8adb-e72a35262d82,morale.salon,available,45.74,45.74,medium,low,6,spaceship,,,28/09/2026 19:07
ce41cd06-fb7a-40bb-ac6e-e8d36d4945b6,observing.salon,available,55.98,69.98,high,low,9,namecheap,,,04/09/2026 00:01
90bba0f5-5f18-4acb-85a8-c566749c8698,gershwin.salon,available,57.99,57.99,high,low,8,namesilo,,,30/09/2026 01:44
c99e7402-8588-48d6-8967-19918ffbe932,hypnotic.salon,available,57.99,57.99,high,low,8,namesilo,,,25/09/2026 11:00
9223e260-b1ea-4cd9-9346-006bf49e2491,orphaned.salon,available,55.98,69.98,medium,low,8,namecheap,,,04/09/2026 18:01
ba34d8cb-0fe0-4413-bf56-4db88c518095,buttermilk.salon,available,55.98,69.98,high,low,10,namecheap,,,24/09/2026 11:20
9ce35887-430b-4ad7-a0cd-9aeb72838a2e,mauve.salon,available,19.99,83.99,high,low,5,name.com,,,24/08/2026 17:37
51f13921-6332-4726-8ac6-ce7bfd24c745,sentiment.salon,available,45.74,45.74,high,low,9,spaceship,,,28/09/2026 15:00
eb7cb808-c729-4aca-bd4b-45c0f899acf6,doorbell.salon,available,55.98,69.98,medium,low,8,namecheap,,,29/09/2026 22:59
fa1be36a-eb01-44fc-8096-2fe1d5d7c2e0,cenozoic.salon,available,19.99,83.99,medium,low,8,name.com,,,11/08/2026 23:46
d4cf6401-506c-4ba8-8433-8b9ba708b430,amelia.salon,available,55.98,69.98,high,low,6,namecheap,,,18/09/2026 18:15
7053409c-cd01-4c69-bac8-bcafe02fe6fe,flee.salon,available,45.74,45.74,high,low,4,spaceship,,,30/09/2026 19:54
d849c0f5-1863-4a90-9493-2e924ab20643,everlasting.salon,available,45.74,45.74,high,low,11,spaceship,,,29/09/2026 08:43
e298e6db-5aee-42ea-b04e-0c652ef553f3,type.salon,available,55.98,69.98,high,low,4,namecheap,,,30/09/2026 14:06
237b6827-8261-4365-b217-4521097c7df9,tiddly.salon,available,55.98,69.98,medium,low,6,namecheap,,,11/09/2026 15:36
2f51fcc1-9cc3-444c-a673-ddf7bcb3126a,stall.salon,available,45.74,45.74,high,low,5,spaceship,,,27/09/2026 12:14
2a0afd59-7a8d-454e-9144-9e9c09b01d45,timeline.salon,available,57.99,57.99,high,low,8,namesilo,,,27/09/2026 05:39
fc7fea5c-dced-48cb-a555-4180db7b7dc4,monastery.salon,available,55.98,69.98,high,low,9,namecheap,,,28/09/2026 19:54
43d65cfc-223e-4e03-a8ec-77f770b9aa7b,girard.salon,available,44.2,44.2,high,low,6,cloudflare,,,28/09/2026 05:50
48907618-8141-44b5-b7da-02f2a6d23f56,beecher.salon,available,57.99,57.99,medium,low,7,namesilo,,,23/09/2026 00:12
315a6b16-73c8-4e6d-90bc-7781cecbe6cc,tireless.salon,available,19.99,83.99,high,low,8,name.com,,,21/08/2026 00:49
325fc733-f808-42e5-885a-cfe8de9eacd8,delphi.salon,available,57.99,57.99,high,low,6,namesilo,,,28/09/2026 09:31
0164adaf-b440-4543-afca-fdc6defd4142,beaches.salon,available,57.99,57.99,high,low,7,namesilo,,,20/09/2026 07:25
68eade00-49b6-4e8e-a72e-01f850cd0174,nitpicking.salon,available,57.99,57.99,medium,low,10,namesilo,,,19/09/2026 01:08
ff064fa9-914c-4e44-85d0-7d2343d0672b,prologue.salon,available,44.2,44.2,high,low,8,cloudflare,,,01/10/2026 03:22
2ebe64c8-5ba4-48a4-b197-2b0c7a5a6bad,experienced.salon,available,44.2,44.2,high,low,11,cloudflare,,,01/10/2026 06:08
940f4fda-07d9-48b0-ba00-72a48cace7c1,karl.salon,available,57.99,57.99,high,low,4,namesilo,,,25/09/2026 13:41
2dacd640-f8f8-4b26-832b-5b310208a40b,rustproof.salon,available,55.98,69.98,high,low,9,namecheap,,,09/09/2026 20:21
d2fe616c-f66c-4b04-b726-57cd23d6300d,rakish.salon,available,19.99,83.99,medium,low,6,name.com,,,13/08/2026 17:34
bd535071-4179-4394-b194-d28d7e658f85,surname.salon,available,45.74,45.74,high,low,7,spaceship,,,29/09/2026 06:51
4862bf3c-85b7-4fa1-ad03-4a0f191071ff,taurine.salon,available,55.98,69.98,medium,low,7,namecheap,,,11/09/2026 09:15
1cc00875-4a35-491b-9597-c60f6cf2fa7d,zoomed.salon,available,57.99,57.99,medium,low,6,namesilo,,,18/09/2026 03:48
2a072a16-c5b4-4f70-9fe6-aa746b836796,acetone.salon,available,55.98,69.98,high,low,7,namecheap,,,17/09/2026 00:07
5e8d5231-66f8-4bd4-8183-0a221d7193d2,parched.salon,available,19.99,83.99,medium,low,7,name.com,,,
9f0a16c4-b6f5-4d7f-8cdd-9859a1a7a3d7,multilayer.salon,available,10.92,47.3,medium,low,10,dynadot,,,02/10/2026 01:55
b177b43e-1f75-416b-8166-e56a01e97166,pectoralis.salon,available,55.98,69.98,medium,low,10,namecheap,,,08/09/2026 12:06
199177a8-0623-400b-a992-c38d544922c4,being.salon,available,55.98,69.98,high,low,5,namecheap,,,23/09/2026 04:18
96f07ae5-2039-4aa3-b292-972400ae1cff,carlsbad.salon,available,44.2,44.2,high,low,8,cloudflare,,,29/09/2026 18:13
ce4e7d32-174e-452a-907a-3dc1b98e591b,balaton.salon,available,19.99,83.99,medium,low,7,name.com,,,21/09/2026 21:18
9257a0c3-8acb-4f1b-90bd-6a903f03f82e,flooring.salon,available,45.74,45.74,high,low,8,spaceship,,,29/09/2026 19:34
f97eeb2e-6bb2-499d-98a3-6d9f0531de96,woes.salon,available,57.99,57.99,low,low,4,namesilo,,,20/09/2026 07:52
d9d2bfdb-cb1d-4947-a4df-80f7cb34032f,humiliation.salon,available,45.74,45.74,medium,low,11,spaceship,,,28/09/2026 12:26
d09b2837-1f69-427c-a009-41273d252a8a,abiders.salon,available,57.99,57.99,medium,low,7,namesilo,,,18/09/2026 03:55
5b024922-a0e6-4bdb-84ad-b28b8a04ac28,transmitting.salon,available,57.99,57.99,medium,low,12,namesilo,,,29/09/2026 10:14
bae26dac-1c2c-40d4-9f42-75c5f94670c1,ambitions.salon,available,57.99,57.99,medium,low,9,namesilo,,,20/09/2026 04:21
420b5841-9dc4-431e-a14c-bf177fac28d9,benzoate.salon,available,57.99,57.99,medium,low,8,namesilo,,,23/09/2026 08:56
e6e4ee86-8e31-403a-b2ac-d4291f8b092f,funnel.salon,available,57.99,57.99,high,low,6,namesilo,,,29/09/2026 12:26
ec06a0c0-2e5b-45d9-bea2-d5174522878a,illustrious.salon,available,45.74,45.74,high,low,11,spaceship,,,29/09/2026 21:10
08ba3c1b-6da6-4468-8df8-d7e0a18de874,sylvie.salon,available,55.98,69.98,high,low,6,namecheap,,,01/10/2026 14:30
33ee2deb-2dcb-43cd-8809-766968c4f084,multnomah.salon,available,44.2,44.2,high,low,9,cloudflare,,,30/09/2026 21:47
439c6b58-d9d2-4ff0-8072-7cc11cf83400,closer.salon,available,45.74,45.74,high,low,6,spaceship,,,28/09/2026 14:02
a1d506c5-fd84-4eac-84ac-e416414546be,mrs.salon,available,57.99,57.99,high,low,3,namesilo,,,25/09/2026 09:30
cf217271-5db3-42eb-8521-d896f374deeb,color.salon,premium,512,512,high,low,5,namesilo,,,23/09/2026 15:05
f05163dc-befb-488f-a6d3-ab1dbffcabdc,bleak.salon,available,19.99,83.99,medium,low,5,name.com,,,08/08/2026 21:02
af67c93d-077d-4f6b-abc8-a37663a32b72,used.salon,available,55.98,69.98,high,low,4,namecheap,,,25/09/2026 07:44
ace1fee4-620f-427e-a988-6324fae359c9,wexford.salon,available,44.2,44.2,medium,low,7,cloudflare,,,28/09/2026 21:57
5e785516-821b-43c3-ad26-751e7604733b,perceptual.salon,available,19.99,83.99,high,low,10,name.com,,,08/09/2026 16:15
b9317ab1-5c2d-4829-bb04-38f481066598,shenandoah.salon,available,45.74,45.74,medium,low,10,spaceship,,,27/09/2026 21:14
e6f8e2a5-fbed-4b03-9849-c8cb8b9e4e5e,preferences.salon,available,14.99,83.99,high,low,11,name.com,,,
978ba71b-87ef-44e7-b6de-5f15a266b741,grandparent.salon,available,57.99,57.99,high,low,11,namesilo,,,19/09/2026 04:27
3467b23b-0217-43b2-b392-d5ed3556f39c,chanukah.salon,available,45.74,45.74,high,low,8,spaceship,,,29/09/2026 08:10
279df3b2-7c9f-459b-8f95-1d38b7f9a49a,manageable.salon,available,55.98,69.98,high,low,10,namecheap,,,01/10/2026 13:54
ca5fd9c5-11c5-41fa-8736-8dc29e735765,skimp.salon,available,55.98,69.98,medium,low,5,namecheap,,,09/09/2026 22:34
87829dc5-e537-4023-b24e-88c135f0aa9c,perceive.salon,available,57.99,57.99,high,low,8,namesilo,,,29/09/2026 20:45
9820c5bd-b897-4a37-baa3-468565cc78ab,intends.salon,available,57.99,57.99,medium,low,7,namesilo,,,29/09/2026 11:20
c3c6a4a8-c278-4d3f-b113-b24e87755de4,showy.salon,available,19.99,83.99,medium,low,5,name.com,,,18/08/2026 06:20
75a6356b-9d15-4b37-89f4-aba949a8d647,biography.salon,available,55.98,69.98,high,low,9,namecheap,,,23/09/2026 18:09
6eeaf19f-2435-4c49-95d2-0822962e0788,blender.salon,available,57.99,57.99,high,low,7,namesilo,,,24/09/2026 05:44
61bc7f26-7e94-4a98-8e9e-fb6946e7128b,amorpha.salon,available,57.99,57.99,medium,low,7,namesilo,,,18/09/2026 22:43
bc373ac7-6753-41ca-98a4-d991fe8d0960,jesting.salon,available,19.99,83.99,high,low,7,name.com,,,22/08/2026 12:52
60be0ef7-0e86-48f5-8b27-1d867317087a,arching.salon,available,19.99,83.99,medium,low,7,name.com,,,06/08/2026 14:39
7fc6e05d-26a0-4694-bf9d-0abdbc4e15f5,confirmation.salon,available,10.92,47.3,high,low,12,dynadot,,,28/09/2026 04:27
e6f167ec-a6e9-42fe-8b98-b1d5f7f776ab,agronomy.salon,available,57.99,57.99,medium,low,8,namesilo,,,17/09/2026 19:42
12a1f5ad-8f61-45e0-8ea8-d650a790da70,accentual.salon,available,19.99,83.99,medium,low,9,name.com,,,
9282eb41-b894-4f24-a8cf-a8f71ba9c720,jumpy.salon,available,19.99,83.99,medium,low,5,name.com,,,11/08/2026 09:53
cbed5f11-404f-4db2-bff1-d801a7b172f1,azalea.salon,available,57.99,57.99,high,low,6,namesilo,,,21/09/2026 11:00
1dfa2aa8-8be7-4278-a186-de829c9aa02e,wept.salon,available,45.74,45.74,medium,low,4,spaceship,,,30/09/2026 14:19
e1fbfc2e-b018-4c94-b0a9-3782d0a4b383,viewless.salon,available,55.98,69.98,medium,low,8,namecheap,,,13/09/2026 05:40
dbaf3272-e54c-4192-8ca6-706aa909b0b4,homebody.salon,available,19.99,83.99,medium,low,8,name.com,,,10/09/2026 19:28
1b438e1f-68ad-449b-81b4-a95b7f0f8b1a,wrought.salon,available,19.99,83.99,medium,low,7,name.com,,,25/08/2026 03:48
80d04df2-f16f-459e-a027-6a43b95d51cd,corrupted.salon,available,19.99,83.99,medium,low,9,name.com,,,23/09/2026 23:59
d72e68cd-0e74-49b7-b0e0-ed0b87e771a5,proximal.salon,available,55.98,69.98,high,low,8,namecheap,,,09/09/2026 04:44
c591be3d-7882-45eb-9e22-660eaba0058c,extensive.salon,available,19.99,83.99,medium,low,9,name.com,,,
b5854b2a-158a-430a-87f8-76b95617f809,laying.salon,available,55.98,69.98,high,low,6,namecheap,,,25/09/2026 22:34
4be131f2-27b5-427a-9b72-9c1694ad8efa,trips.salon,available,44.2,44.2,medium,low,5,cloudflare,,,27/09/2026 22:50
692aac23-c620-4d6b-97a9-604b6444eafd,revelation.salon,available,44.2,44.2,high,low,10,cloudflare,,,27/09/2026 13:50
1fbcdf62-18ba-4835-bbfd-8272084468fe,nonexempt.salon,available,55.98,69.98,medium,low,9,namecheap,,,03/09/2026 19:09
d87880fa-bb97-45c7-aa1e-e3248b6dbe3e,literacy.salon,available,97.99,97.99,high,low,8,godaddy,,,30/09/2026 02:09
211321f7-4150-4c91-8712-a51fbc6f93e7,area.salon,available,44.2,44.2,high,low,4,cloudflare,,,28/09/2026 22:00
13f0e2c7-7fbf-4742-a8cb-b150faddb3d4,weirdness.salon,available,57.99,57.99,medium,low,9,namesilo,,,23/09/2026 23:18
c04dd9a9-6690-4022-9a15-4f893526bb98,weaker.salon,available,45.74,45.74,low,low,6,spaceship,,,29/09/2026 05:14
319f3110-7867-4f85-8659-2e07f0b83887,narrowing.salon,available,19.99,83.99,high,low,9,name.com,,,12/08/2026 23:00
3c8fcb5a-5601-4948-aeba-d01573e5be34,sonorous.salon,available,55.98,69.98,medium,low,8,namecheap,,,10/09/2026 14:13
5b89e473-2ecf-4574-9ecc-c20bb0ba8059,focussed.salon,available,19.99,83.99,high,low,8,name.com,,,18/08/2026 09:47
06147b43-5d82-4383-be9b-3ba1298963af,music.salon,resell,,,high,medium,5,"Sav.com, LLC - 31",27/03/2024 15:46,27/03/2027 15:46,28/09/2026 07:33
409d1f13-f09b-4944-9c31-4791f281deed,epicurean.salon,available,19.99,83.99,high,low,9,name.com,,,17/08/2026 10:40
e25ae274-1bf1-484c-b267-41dd335d3d0f,weaving.salon,premium,102.67,102.67,high,low,7,spaceship,,,29/09/2026 14:07
4bc41ba6-313f-4a24-b8c5-a02dba497945,dormant.salon,available,19.99,83.99,high,low,7,name.com,,,
00eb2ff9-810a-454a-a2a6-14fe9ae0248b,luminous.salon,available,19.99,83.99,high,low,8,name.com,,,
9fbdfde9-5160-46f5-b385-f19577c1e707,tracy.salon,available,57.99,57.99,high,low,5,namesilo,,,30/09/2026 11:36
2acd54d3-f9da-4532-9c3b-b5044e791663,truro.salon,available,57.99,57.99,medium,low,5,namesilo,,,30/09/2026 13:15
a33e87ec-3e42-405d-b342-f4d60014192c,kodiak.salon,available,57.99,57.99,high,low,6,namesilo,,,18/09/2026 02:05
c46ac94a-2365-445c-9803-3bedae11a7dc,resembles.salon,available,45.74,45.74,medium,low,9,spaceship,,,30/09/2026 07:07
bf7a3d8c-df86-4bb6-9276-6c95c5f57e2a,fisher.salon,available,57.99,57.99,high,low,6,namesilo,,,24/09/2026 00:24
49a3bbf5-1da3-493f-ad10-4554d7b83bbc,discordant.salon,available,19.99,83.99,medium,low,10,name.com,,,14/08/2026 10:00
bb16bb2d-becb-4b3d-82f7-cdbd4e670655,anointer.salon,available,55.98,69.98,medium,low,8,namecheap,,,19/09/2026 11:18
ada90b47-62f0-492e-bfdf-f9895f57fc1f,sport.salon,premium,78.54,78.54,high,medium,5,namesilo,,,25/09/2026 22:38
34e5eaf2-d7b4-44f4-b62d-fd6a1410f1cd,altar.salon,available,57.99,57.99,high,low,5,namesilo,,,18/09/2026 14:32
50607b0a-fb83-4bb3-9e17-c9575f120c8b,tiberius.salon,available,57.99,57.99,medium,low,8,namesilo,,,28/09/2026 20:38
97d2e6b6-8d4d-459a-8ae7-9f133af7f33e,fdp.salon,available,57.99,57.99,medium,low,3,namesilo,,,30/09/2026 06:45
628f3ae9-7dae-490b-a5c8-b60ab8ae3f10,brutish.salon,available,19.99,83.99,low,low,7,name.com,,,09/08/2026 17:59
29b25134-8490-4d22-b415-c89be96b6c18,relied.salon,available,57.99,57.99,medium,low,6,namesilo,,,20/09/2026 05:00
c2e6aa58-9ecc-4b82-8cc2-17b4a3f1b9c8,insistent.salon,available,19.99,83.99,medium,low,9,name.com,,,13/08/2026 09:33
43423890-0eb7-4fcf-8ec7-67c1bb0361e5,validly.salon,available,57.99,57.99,medium,low,7,namesilo,,,16/09/2026 10:42
a9f080d9-f370-4724-b435-3a0c79aecc86,repaired.salon,available,44.2,44.2,medium,low,8,cloudflare,,,28/09/2026 23:01
2a15fef3-3b2e-4eb0-995e-9f1c2018ffd7,engels.salon,available,55.98,69.98,medium,low,6,namecheap,,,28/09/2026 14:01
9b88fbf5-89cb-4de5-9bad-0c1ba4662085,listens.salon,available,10.92,47.3,medium,low,7,dynadot,,,29/09/2026 11:31
91719eb4-ce3c-4168-b00a-09bac085b0f4,folk.salon,available,57.99,57.99,high,low,4,namesilo,,,24/09/2026 16:32
0e47300d-24a4-4b25-ba31-ee02a6db187a,assamese.salon,available,19.99,83.99,medium,low,8,name.com,,,07/08/2026 05:38
ca258cab-b121-4c7f-9d04-f1a0368825b7,bias.salon,available,19.99,83.99,medium,low,4,name.com,,,09/08/2026 18:35
39bb55be-28ae-488d-90f6-f7f6d96f5a80,shipped.salon,available,55.98,69.98,medium,low,7,namecheap,,,28/09/2026 13:02
3c4ecf13-74c9-4516-8fa1-acff987e933f,alcaic.salon,available,57.99,57.99,medium,low,6,namesilo,,,18/09/2026 03:46
21546a58-174c-49ea-9a33-d2459f3b16fb,constantly.salon,available,45.74,45.74,medium,low,10,spaceship,,,28/09/2026 14:18
559f438c-ac23-4aeb-8568-59dc76af4e64,debase.salon,available,19.99,83.99,medium,low,6,name.com,,,
4fb5a1d8-79ea-451a-a1b7-6a160e60468b,briss.salon,available,57.99,57.99,medium,low,5,namesilo,,,23/09/2026 09:30
1f0936a3-c359-4dec-b7d1-409cbd2d11dd,sperm.salon,available,45.74,45.74,high,low,5,spaceship,,,30/09/2026 11:38
500596d3-35e5-4738-bd07-78f51441c807,laban.salon,available,45.74,45.74,high,low,5,spaceship,,,01/10/2026 20:14
d620abcb-7fda-4f08-be53-c35a224970f0,tales.salon,available,57.99,57.99,high,low,5,namesilo,,,18/09/2026 16:46
23ca462e-734a-4d7d-a57a-a44797780558,grasp.salon,available,57.99,57.99,high,low,5,namesilo,,,19/09/2026 22:13
107ed3fe-2cd5-407f-b84c-360bd92ccff9,publishers.salon,available,57.99,57.99,medium,low,10,namesilo,,,20/09/2026 01:32
542f16d8-f540-4e3b-9c51-c7bb12e511b9,proceed.salon,available,10.92,47.3,high,low,7,dynadot,,,30/09/2026 17:54
7473db19-0e31-44fa-9570-eb053ee8e545,orr.salon,available,57.99,57.99,high,low,3,namesilo,,,27/09/2026 03:21
cf858b23-bf94-4059-a1b8-8685ad22ae52,bilinear.salon,available,19.99,83.99,high,low,8,name.com,,,09/08/2026 21:20
a5c9c2b0-abc4-47f4-ab6f-d0983d27144f,spookily.salon,available,55.98,69.98,medium,low,8,namecheap,,,14/09/2026 15:07
1c9120dc-eec5-44d4-9357-0a01535357ca,consultants.salon,available,10.81,45.83,medium,low,11,porkbun,,,01/10/2026 00:53
278cf3d7-f039-4fe0-87de-3f6e31b672ad,slothful.salon,available,19.99,83.99,medium,low,8,name.com,,,17/08/2026 20:58
310179b4-1186-4725-be19-fc88ba65d25e,ballup.salon,available,57.99,57.99,medium,low,6,namesilo,,,21/09/2026 23:27
c55a4785-9c9b-4747-a5ae-fd32fa0e7611,priest.salon,available,57.99,57.99,high,low,6,namesilo,,,27/09/2026 04:53
cbb59936-e6af-43e7-ac00-cd9bd9c2095a,cookies.salon,available,57.99,57.99,high,low,7,namesilo,,,27/09/2026 23:29
26673fc7-1cc4-47f2-a324-b62f9d5dd8a0,transaction.salon,available,45.74,45.74,high,low,11,spaceship,,,01/10/2026 10:33
4372428b-95d7-4d83-bc49-9b33fac8846e,andy.salon,available,57.99,57.99,high,medium,4,namesilo,,,25/09/2026 12:45
c33fc83b-4455-46bc-bd5d-ba8f7ec8cf55,ferry.salon,available,57.99,57.99,high,low,5,namesilo,,,28/09/2026 05:42
a825b309-c4f9-4a5c-9018-b4cbf9f3cbdc,crossroads.salon,available,57.99,57.99,high,low,10,namesilo,,,29/09/2026 12:04
e1cfd630-c795-4a28-b63f-8669fe0cf6ec,maneuver.salon,available,45.74,45.74,high,low,8,spaceship,,,29/09/2026 18:49
e7942e7e-56b6-4923-a792-a134fcab9276,unforeseen.salon,available,55.98,69.98,high,low,10,namecheap,,,04/09/2026 18:50
0dbfb67f-d25b-4983-8345-2954bc279c72,knock.salon,available,57.99,57.99,high,low,5,namesilo,,,27/09/2026 03:49
408e189f-a924-4599-b0e4-c450406b95c1,malayalam.salon,available,10.81,45.83,high,low,9,porkbun,,,30/09/2026 17:57
91f829cc-ded8-48a0-ae8d-06384459d4cf,discredit.salon,available,57.99,57.99,high,low,9,namesilo,,,29/09/2026 15:37
ca6fb04d-f89b-4531-bd3a-22aabca48f10,lxxx.salon,available,19.99,83.99,medium,low,4,name.com,,,
af9bbee3-50cc-4f86-a0a5-72d5bc185f13,groovy.salon,available,19.99,83.99,high,low,6,name.com,,,08/08/2026 12:35
390cf586-2512-44d8-b4c5-3196905568ed,giver.salon,available,57.99,57.99,high,low,5,namesilo,,,23/09/2026 10:44
2dba0aa1-25b4-4c2a-ac37-b7ecb190acda,jejune.salon,available,19.99,83.99,medium,low,6,name.com,,,22/08/2026 12:45
117465ef-affb-4c70-91cd-e66be098dfd2,binding.salon,available,55.98,69.98,high,low,7,namecheap,,,22/09/2026 20:51
cc322721-0802-4c9d-af20-c5f22713dfae,strap.salon,available,44.2,44.2,high,low,5,cloudflare,,,28/09/2026 10:12
aa89e921-dcfa-4178-8b5a-db1dfc2f7d9b,dispatches.salon,available,57.99,57.99,medium,low,10,namesilo,,,02/10/2026 04:00
132e651a-ae53-4fbf-b1b3-d6728c504fc0,iaa.salon,available,57.99,57.99,medium,low,3,namesilo,,,17/09/2026 07:22
821d446a-78c6-4472-b0c5-29829d91cd22,monocled.salon,available,19.99,83.99,medium,low,8,name.com,,,09/08/2026 17:15
b9ea0cce-f3ad-4996-a00a-fecfcef58311,casing.salon,available,10.92,47.3,high,low,6,dynadot,,,30/09/2026 08:59
da086c06-ff7f-436a-899d-be2a51883f97,prattle.salon,available,57.99,57.99,medium,low,7,namesilo,,,23/09/2026 23:32
daac04d0-fa75-4e2b-ab21-81adc848eace,asa.salon,available,57.99,57.99,high,low,3,namesilo,,,25/09/2026 12:30
c7597b75-1fe0-4b92-b8dc-f5c90f9d97ab,erc.salon,available,45.74,45.74,high,low,3,spaceship,,,30/09/2026 19:29
2d7746b8-ee59-4708-b7ea-891500209cb5,rounds.salon,available,57.99,57.99,medium,low,6,namesilo,,,27/09/2026 02:23
745187a2-7689-48d3-b4bc-d17904bb72c4,aeschylus.salon,available,57.99,57.99,medium,low,9,namesilo,,,17/09/2026 13:19
5d0b4cb3-5f62-4f12-bec1-e1608822de16,lotto.salon,available,55.98,69.98,high,low,5,namecheap,,,22/09/2026 20:35
ca59d9e7-8acd-4f4d-9107-04536ef6a7d0,brad.salon,available,57.99,57.99,high,low,4,namesilo,,,24/09/2026 07:52
9dd9b361-1a7b-4aa3-a409-9f88e4b57698,anatoly.salon,available,44.2,44.2,medium,low,7,cloudflare,,,30/09/2026 22:03
5e8222af-b1a2-4bc8-8df6-e79552341ae8,punky.salon,available,57.99,57.99,high,low,5,namesilo,,,23/09/2026 22:32
4952c746-33fd-408e-be8c-bd64840864cc,negroid.salon,available,55.98,69.98,medium,low,7,namecheap,,,03/09/2026 15:14
f9c13f41-06eb-423a-8e97-9c28ea2c1049,axon.salon,available,55.98,69.98,high,low,4,namecheap,,,21/09/2026 10:30
fd756330-7db0-47ad-9375-23cf2d7a9dac,curtis.salon,available,57.99,57.99,high,low,6,namesilo,,,25/09/2026 04:28
5ddd8091-06f7-48ab-b43b-5435d10fcba3,astaire.salon,available,57.99,57.99,medium,low,7,namesilo,,,20/09/2026 16:54
c52ca6c5-645e-4d74-8680-fe4678783185,rebel.salon,available,19.99,83.99,high,medium,5,name.com,,,22/08/2026 07:47
7e8f55df-7cc8-489c-865e-55286b210b12,zygoma.salon,available,57.99,57.99,medium,low,6,namesilo,,,20/09/2026 03:03
7f48a57b-2e47-46f6-b7f3-1c3f0203763f,raft.salon,available,19.99,83.99,high,low,4,name.com,,,25/08/2026 00:40
fd4cbae6-7b18-4002-95bf-d0349d5d26fb,iridium.salon,available,55.98,69.98,high,low,7,namecheap,,,20/09/2026 23:49
801fb67b-53f6-4130-b54f-f996d8c4496e,beldame.salon,available,55.98,69.98,medium,low,7,namecheap,,,23/09/2026 04:46
713e2468-4b2f-4931-b4fe-6b4ddf6fa856,ambrose.salon,available,19.99,83.99,high,low,7,name.com,,,18/09/2026 17:22
3da7ed65-eb82-4c92-86ef-e6612b357381,lake.salon,available,44.2,44.2,high,low,4,cloudflare,,,30/09/2026 01:56
ae145718-a95e-4351-a331-754fed5b9e2c,asea.salon,available,55.98,69.98,medium,low,4,namecheap,,,10/09/2026 01:04
276089e6-81c4-4874-acdb-54d27e1ea26e,goldbrick.salon,available,19.99,83.99,medium,low,9,name.com,,,20/08/2026 16:29
56bb6c46-05d1-4888-9cfb-6f3096868a50,threat.salon,available,45.74,45.74,high,low,6,spaceship,,,30/09/2026 04:17
d0e00adc-8ad0-49f9-aefb-7f98a9731529,prolife.salon,available,57.99,57.99,high,low,8,namesilo,,,27/09/2026 06:51
36bcd4cb-3d13-4ea0-a885-5d11d0e3c0a3,slipped.salon,available,57.99,57.99,high,low,7,namesilo,,,18/09/2026 02:25
4355f295-baf5-4d9e-9ec6-7c5504ac7a34,satan.salon,available,45.74,45.74,high,low,5,spaceship,,,29/09/2026 01:53
8e5e8c63-649b-4468-949c-1e74db6b0552,slanting.salon,available,19.99,83.99,medium,low,8,name.com,,,07/08/2026 04:20
538f3c3c-95eb-407f-bd41-547951987b52,seem.salon,available,45.74,45.74,high,low,4,spaceship,,,30/09/2026 15:09
cba37a72-9fed-4b82-8d67-5b9cd96fd611,ldl.salon,available,57.99,57.99,high,low,3,namesilo,,,23/09/2026 10:53
e08448e3-a944-4e81-8954-3fd49f7d44c2,reeves.salon,available,55.98,69.98,high,low,6,namecheap,,,29/09/2026 09:55
2936bcd3-b8b5-4d58-8620-ba528bfb3924,useless.salon,available,45.74,45.74,medium,low,7,spaceship,,,28/09/2026 10:02
d5e4c3d7-d5e7-4e4e-bd35-ff77310643aa,salacious.salon,available,19.99,83.99,medium,low,9,name.com,,,23/08/2026 00:40
0f81bea6-b4fe-4c9d-b05b-72f5415a6ec4,talladega.salon,available,44.2,44.2,medium,low,9,cloudflare,,,29/09/2026 22:45
2ced3db4-aabf-41d0-8cb7-2c6688ef945d,average.salon,available,57.99,57.99,high,low,7,namesilo,,,22/09/2026 14:28
f5915393-671e-4666-a883-9d066a61c4fe,drug.salon,available,57.99,57.99,high,low,4,namesilo,,,25/09/2026 00:15
dbff7106-5290-484b-a7fd-3c87238b4b84,taxman.salon,available,57.99,57.99,medium,low,6,namesilo,,,24/09/2026 16:18
f3aae008-8481-45ad-964a-2dfb85b9a193,cathari.salon,available,57.99,57.99,medium,low,7,namesilo,,,18/09/2026 02:53
537ea352-36af-4298-9ec8-b12b9b50b933,motorbus.salon,available,19.99,83.99,medium,low,8,name.com,,,21/09/2026 05:59
b88f0eb7-7886-40f0-ac69-cf506c4328b1,cephalopod.salon,available,19.99,83.99,medium,low,10,name.com,,,12/08/2026 00:21
f93a4d64-48eb-416a-aa4f-60f99112061e,kid.salon,premium,78.54,78.54,high,low,3,namesilo,,,25/09/2026 12:09
caca8b82-88f2-4076-980b-d38fcd44f4a5,extra.salon,available,57.99,57.99,high,low,5,namesilo,,,21/09/2026 17:12
a22b977b-3c7e-44b1-b511-e53b8932345f,agnatha.salon,available,55.98,69.98,medium,low,7,namecheap,,,17/09/2026 18:31
e6ba614a-c130-4470-b5ea-0c412759885f,scripps.salon,available,10.92,47.3,high,low,7,dynadot,,,28/09/2026 05:34
965dd869-936d-4808-a204-5dc67441560c,butcher.salon,available,45.74,45.74,medium,low,7,spaceship,,,29/09/2026 03:05
b508a1b5-cd61-4bab-b13e-68a2c7efdb7c,inshore.salon,available,19.99,83.99,medium,low,7,name.com,,,22/08/2026 06:53
11abc446-1731-4edb-b2db-ca3ff2d2050e,sor.salon,available,57.99,57.99,medium,low,3,namesilo,,,29/09/2026 14:39
e36651f6-295b-471b-ba5d-1b780e54bc49,towards.salon,available,44.2,44.2,high,low,7,cloudflare,,,01/10/2026 19:05
ee2c8600-63e1-473f-b852-a3ff03106fb5,unpunished.salon,available,55.98,69.98,medium,low,10,namecheap,,,12/09/2026 17:37
52e54b17-0259-4c35-bf40-6196644d2673,choppy.salon,available,57.99,57.99,medium,low,6,namesilo,,,23/09/2026 14:30
ded0de48-f3c7-4e6b-841e-f75d65b73db1,screecher.salon,available,57.99,57.99,medium,low,9,namesilo,,,22/09/2026 17:04
9e36828e-34a1-4a01-aaa0-ee49d2fee18b,prone.salon,available,55.98,69.98,medium,low,5,namecheap,,,27/09/2026 07:37
5b90afce-0eb4-4773-976c-cd7f5d205620,aikido.salon,available,55.98,69.98,high,low,6,namecheap,,,17/09/2026 21:02
81a9811c-8e85-4b6d-9894-6cb50f8e9b49,madly.salon,available,55.98,69.98,medium,low,5,namecheap,,,14/09/2026 09:19
ed59e293-b9cd-4280-aebe-f6e4ed52f86f,medieval.salon,available,19.99,83.99,high,low,8,name.com,,,12/08/2026 06:12
9d8cbbd4-3eb7-4181-a477-1be3031288e1,asin.salon,available,57.99,57.99,high,low,4,namesilo,,,20/09/2026 14:15
acec5d6b-7d68-4c59-a74c-ad738c72a27e,samuelson.salon,available,45.74,45.74,medium,low,9,spaceship,,,01/10/2026 08:08
065d6638-aa44-40af-9088-2fbd90758927,heading.salon,available,57.99,57.99,high,low,7,namesilo,,,25/09/2026 07:40
f2be84e8-6e18-45b2-aa80-c4fa431785ac,anole.salon,available,55.98,69.98,medium,low,5,namecheap,,,18/09/2026 19:28
de8a1f57-f114-4452-95e6-0ac58467729b,beaver.salon,available,57.99,57.99,high,low,6,namesilo,,,22/09/2026 22:29
f928ce21-d45e-46e4-abd4-1d817c40f77f,deft.salon,available,19.99,83.99,high,low,4,name.com,,,13/08/2026 23:50
b2882953-8e94-4a62-af76-4f08bdd6ec3d,plain.salon,available,57.99,57.99,high,low,5,namesilo,,,22/09/2026 07:19
ad25059b-0383-41f0-9d42-141a11a7aeae,mounting.salon,available,57.99,57.99,medium,low,8,namesilo,,,29/09/2026 00:26
5fd7fecf-5e9e-47c1-9c4d-d52304e95545,sizeable.salon,available,19.99,83.99,high,low,8,name.com,,,20/08/2026 16:40
455d6e73-6831-4998-9e4e-7084d587ff06,hipped.salon,available,19.99,83.99,medium,low,6,name.com,,,21/08/2026 09:41
ac500bbd-6a35-4634-bbbf-d9613bb26a2a,eagle.salon,available,55.98,69.98,high,low,5,namecheap,,,23/09/2026 20:02
1fbdeace-83dd-415b-a1c5-40700d31102b,provincetown.salon,available,44.2,44.2,medium,low,12,cloudflare,,,30/09/2026 22:22
e15e10ff-2d49-4a5e-8db6-5a64d4a97477,grueling.salon,available,19.99,83.99,medium,low,8,name.com,,,06/08/2026 16:45
259ae14d-d50a-44e2-a7f7-0f6617316c8c,agog.salon,available,19.99,83.99,medium,low,4,name.com,,,
761b66fe-6d90-47ef-9b5d-6b85415c06ca,unkind.salon,available,55.98,69.98,medium,low,6,namecheap,,,12/09/2026 14:11
6e3d9195-dcbc-4d5f-8eaf-f261e6c342e8,kee.salon,available,44.2,44.2,medium,low,3,cloudflare,,,30/09/2026 00:37
f0f0f221-b99e-4f99-8740-6995e4302664,swam.salon,available,57.99,57.99,medium,low,4,namesilo,,,30/09/2026 05:56
ca48daa9-3f34-4a8d-b567-ea8e5b07f22f,sprinkle.salon,available,55.98,69.98,high,low,8,namecheap,,,15/09/2026 20:15
f1652b22-183c-4e2b-bac9-bfba7395d179,exhale.salon,available,44.2,44.2,high,low,6,cloudflare,,,30/09/2026 16:30
4adb704b-7f20-4311-8189-79a64f93fd15,egg.salon,available,57.99,57.99,high,low,3,namesilo,,,29/09/2026 00:46
ee1ea873-2aa1-471a-9213-613a410807ca,sulfuric.salon,available,19.99,83.99,medium,low,8,name.com,,,11/09/2026 01:29
27d0deec-bd86-413c-931b-e41c8836258d,peel.salon,available,10.81,45.83,high,low,4,porkbun,,,30/09/2026 06:31
e721c2a9-6604-40a4-a69f-92d27d87c90e,beshrew.salon,available,19.99,83.99,medium,low,7,name.com,,,13/08/2026 16:19
b44db4f1-1ef2-4148-8b85-3e2b38429fb5,dipper.salon,available,57.99,57.99,high,low,6,namesilo,,,23/09/2026 14:29
7763f9b3-6337-4545-a71d-dde01598d59b,entrance.salon,available,19.99,83.99,high,low,8,name.com,,,22/08/2026 01:46
76bffc1c-3c81-4939-865a-ac94f43a8783,malnutrition.salon,available,44.2,44.2,high,low,12,cloudflare,,,01/10/2026 14:17
a99eeffc-1b9b-40bd-8992-c02f84935c28,battledore.salon,available,57.99,57.99,medium,low,10,namesilo,,,21/09/2026 17:16
8cfd7b16-36ee-4b8c-b8eb-99954ec84303,assembling.salon,available,57.99,57.99,high,low,10,namesilo,,,20/09/2026 16:08
a8315648-ce62-45dd-af50-a8a402fe8a33,spindles.salon,available,45.74,45.74,medium,low,8,spaceship,,,30/09/2026 00:48
8cc01213-7516-451b-91cb-9bb4a1afca78,peso.salon,available,57.99,57.99,high,low,4,namesilo,,,24/09/2026 14:37
6a02ce57-bcb5-4b71-8515-0b4c14dcca71,taller.salon,available,57.99,57.99,medium,low,6,namesilo,,,19/09/2026 00:16
870c921b-da23-41c9-9d0d-5ced63cf643b,ambler.salon,available,57.99,57.99,medium,low,6,namesilo,,,18/09/2026 17:07
cbb6631e-5e9c-45af-9279-40aacbb1400a,diluvian.salon,available,19.99,83.99,medium,low,8,name.com,,,14/08/2026 07:51
0ef5698f-4b3d-4ed8-a28a-8235d08d173d,splendor.salon,available,57.99,57.99,high,low,8,namesilo,,,30/09/2026 08:50
533825fa-33db-4745-b131-39c2772fcade,debauch.salon,available,19.99,83.99,medium,low,7,name.com,,,13/08/2026 02:20